url,etat,matiere,couleur,categorie,likes,prix,prix_total,collection
https://www.vinted.fr/items/8904734064-body-blanco?referrer=catalog,Neuf sans étiquette,Coton,Blanc,Hauts et t-shirts,41,"3,00 €","3,85 €",femme
https://www.vinted.fr/items/8903187229-tee-shirt-blanc-a-manches-courtes-zara-femme?referrer=catalog,Très bon état,Coton,Blanc,Hauts et t-shirts,49,"4,00 €","4,63 €",femme
https://www.vinted.fr/items/8904938467-penta-cour-large-en-tailleur-zara?referrer=catalog,Neuf sans étiquette,"Coton, Polyester",Beige,Pantalons et leggings,24,"10,00 €","10,95 €",femme
https://www.vinted.fr/items/8904758247-pantalon-fluide-noir-zara?referrer=catalog,Neuf sans étiquette,"Polyester, Élasthanne",Noir,Pantalons et leggings,11,"15,00 €","16,38 €",femme
https://www.vinted.fr/items/8904826763-belle-longue-chemise-blanche-coton-36?referrer=catalog,Très bon état,Coton,Blanc,Hauts et t-shirts,18,"6,00 €","6,61 €",femme
https://www.vinted.fr/items/8900903742-blazer-noir?referrer=catalog,Très bon état,"Polyester, Viscose, Élasthanne",Noir,Blazers et tailleurs,79,"15,00 €","16,40 €",femme
https://www.vinted.fr/items/8904380536-ensemble-blanc?referrer=catalog,Très bon état,"Coton, Polyester",Blanc,Vêtements de sport,21,"11,00 €","12,12 €",femme
https://www.vinted.fr/items/8905086248-debardeur-col-v-femme-blanc-zara?referrer=catalog,Très bon état,Coton,Blanc,Hauts et t-shirts,11,"4,00 €","4,63 €",femme
https://www.vinted.fr/items/8902183511-ensemble-beige-zara-jupe-et-top-s?referrer=catalog,Neuf sans étiquette,,Beige,Costumes et tenues particulières,20,"15,00 €","16,45 €",femme
https://www.vinted.fr/items/8903930579-tee-shirt-blanc-zara?referrer=catalog,Très bon état,,Blanc,Hauts et t-shirts,42,"4,00 €","4,63 €",femme
https://www.vinted.fr/items/8903521032-lot-haut-femme-zara?referrer=catalog,Très bon état,Polyester,"Orange, Corail",Hauts et t-shirts,37,"3,00 €","3,85 €",femme
https://www.vinted.fr/items/8895280853-jupe-short-zara?referrer=catalog,Très bon état,"Polyester, Viscose",Crème,Jupes-shorts,56,"10,00 €","11,05 €",femme
https://www.vinted.fr/items/8901194050-chemise-crop-a-lignes?referrer=catalog,Très bon état,Coton,"Bleu, Blanc",Hauts et t-shirts,17,"6,00 €","7,00 €",femme
https://www.vinted.fr/items/8901677366-body-zara-blanc?referrer=catalog,Très bon état,"Coton, Élasthanne",Blanc,Hauts et t-shirts,10,"5,00 €","5,53 €",femme
https://www.vinted.fr/items/8904807041-completo-lino-zara?referrer=catalog,Neuf sans étiquette,,Bleu clair,Blazers et tailleurs,90,"40,00 €","43,50 €",femme
https://www.vinted.fr/items/8905130645-combinaison-en-lin-moutarde-zara-taille-xs?referrer=catalog,Très bon état,,Moutarde,Combinaisons et combishorts,8,"12,00 €","13,30 €",femme
https://www.vinted.fr/items/8904191812-t-shirt-rustica-100-algodao-zara?referrer=catalog,Neuf avec étiquette,,Blanc,Hauts et t-shirts,78,"9,20 €","10,19 €",femme
https://www.vinted.fr/items/8904006728-chemise-bleu-clair-zara?referrer=catalog,Très bon état,Coton,Bleu clair,Hauts et t-shirts,7,"5,00 €","5,53 €",femme
https://www.vinted.fr/items/8897713431-jupe-tube-noire-femme-zara-basics-taille-m?referrer=catalog,Très bon état,"Polyester, Viscose, Élasthanne",Noir,Jupes,38,"5,00 €","5,70 €",femme
https://www.vinted.fr/items/8903714384-veste-manteau-ete?referrer=catalog,Neuf sans étiquette,"Coton, Lin",Crème,Manteaux et vestes,12,"10,00 €","11,05 €",femme
https://www.vinted.fr/items/8890812987-pantalon-elegant-bleu-ciel?referrer=catalog,Très bon état,"Polyester, Viscose",Bleu clair,Pantalons et leggings,25,"6,00 €","7,00 €",femme
https://www.vinted.fr/items/8893253158-cinto-senhora?referrer=catalog,Neuf avec étiquette,Polyester,Marron,Accessoires,22,"5,00 €","5,70 €",femme
https://www.vinted.fr/items/8900747964-pantalon-zara?referrer=catalog,Très bon état,"Polyester, Élasthanne",Beige,Pantalons et leggings,47,"10,00 €","10,95 €",femme
https://www.vinted.fr/items/8894530153-zara-femme?referrer=catalog,Très bon état,Coton,Blanc,Hauts et t-shirts,43,"6,00 €","7,00 €",femme
https://www.vinted.fr/items/8903183394-veste-zara-txl?referrer=catalog,Bon état,"Coton, Polyester, Laine",Noir,Blazers et tailleurs,9,"5,00 €","5,70 €",femme
https://www.vinted.fr/items/8900535082-pull-sans-manche-bleu-jean-zara?referrer=catalog,Très bon état,Coton,"Bleu, Bleu clair",Sweats et sweats à capuche,35,"4,00 €","4,90 €",femme
https://www.vinted.fr/items/8903415699-gilet-dos-nu-zara?referrer=catalog,Neuf sans étiquette,"Coton, Élasthanne",Beige,Hauts et t-shirts,18,"10,00 €","11,20 €",femme
https://www.vinted.fr/items/8898460810-bandana-cox-boy-53x48-bleu-nuit-et-blanc-excellent-etat-zara?referrer=catalog,Neuf avec étiquette,Coton,"Marine, Blanc",Accessoires,45,"6,00 €","7,00 €",femme
https://www.vinted.fr/items/8903490544-2-pantalons-fluides?referrer=catalog,Très bon état,Polyester,"Rose, Bleu clair",Pantalons et leggings,11,"6,00 €","6,61 €",femme
https://www.vinted.fr/items/8903149491-veste-zara-neuve?referrer=catalog,Neuf sans étiquette,"Viscose, Lin, Carton",Bleu clair,Blazers et tailleurs,12,"15,00 €","16,45 €",femme
https://www.vinted.fr/items/8754000278-jeans-zara-taglia-38-dritto?referrer=catalog,Très bon état,Coton,Bleu,Jeans,25,"8,00 €","8,91 €",femme
https://www.vinted.fr/items/8900956304-t-shirt-lycra-zara?referrer=catalog,Très bon état,,Noir,Hauts et t-shirts,18,"5,00 €","5,70 €",femme
https://www.vinted.fr/items/8900629459-elegant-body-decollete?referrer=catalog,Très bon état,"Viscose, Élasthanne, Acrylique",Kaki,Hauts et t-shirts,33,"4,00 €","4,44 €",femme
https://www.vinted.fr/items/8896138418-top-zara-en-dentelle-noire-taille-m38?referrer=catalog,Très bon état,"Viscose, Nylon",Noir,Hauts et t-shirts,25,"8,00 €","9,10 €",femme
https://www.vinted.fr/items/8903900797-chemise-bolero-en-lin-neuve-taille-s?referrer=catalog,Neuf sans étiquette,,"Rose, Lila",Sweats et sweats à capuche,17,"12,00 €","13,19 €",femme
https://www.vinted.fr/items/8898163607-pull-fin?referrer=catalog,Très bon état,"Polyester, Viscose, Nylon",Bleu,Sweats et sweats à capuche,6,"3,00 €","3,56 €",femme
https://www.vinted.fr/items/8902946098-jupe-short-avec-noeud-zara?referrer=catalog,Neuf sans étiquette,Polyester,Crème,Jupes,7,"5,00 €","5,95 €",femme
https://www.vinted.fr/items/8903950368-mocassins-cuir?referrer=catalog,Neuf sans étiquette,,Marron,Chaussures,48,"15,00 €","16,40 €",femme
https://www.vinted.fr/items/8900511540-pantalon-noire?referrer=catalog,Très bon état,Coton,"Noir, Blanc",Pantalons et leggings,217,"10,00 €","11,20 €",femme
https://www.vinted.fr/items/8898945145-robe-blanche-zara-taille-m?referrer=catalog,Très bon état,,Blanc,Robes,74,"15,00 €","16,45 €",femme
https://www.vinted.fr/items/8901608637-gilet-zara?referrer=catalog,Très bon état,Polyester,"Fuchsia, Rose",Sweats et sweats à capuche,8,"9,00 €","10,15 €",femme
https://www.vinted.fr/items/8903841799-foulard-carre-bandana-en-coton?referrer=catalog,Neuf sans étiquette,,Crème,Accessoires,32,"7,00 €","8,05 €",femme
https://www.vinted.fr/items/8882385328-jeans-skinny-zara?referrer=catalog,Très bon état,Coton,Bleu,Jeans,16,"3,00 €","3,85 €",femme
https://www.vinted.fr/items/8900988743-leotard-bodysuit-zara?referrer=catalog,Très bon état,Élasthanne,Noir,Hauts et t-shirts,7,"5,00 €","5,95 €",femme
https://www.vinted.fr/items/8901463202-zara-foulad-carre-bandana?referrer=catalog,Neuf sans étiquette,,"Violet, Marron",Accessoires,33,"7,00 €","7,84 €",femme
https://www.vinted.fr/items/8894693484-t-shirt-col-v?referrer=catalog,Neuf sans étiquette,Viscose,Gris,Hauts et t-shirts,19,"3,00 €","3,85 €",femme
https://www.vinted.fr/items/8899968626-tunique-bretelles-coton?referrer=catalog,Très bon état,Coton,Blanc,Hauts et t-shirts,5,"5,00 €","5,70 €",femme
https://www.vinted.fr/items/8904162264-petit-gilet-zara?referrer=catalog,Très bon état,Coton,Noir,Autres,54,"12,00 €","13,19 €",femme
https://www.vinted.fr/items/8904533204-pantalons-zara?referrer=catalog,Très bon état,Coton,Blanc,Jeans,9,"16,00 €","17,46 €",femme
https://www.vinted.fr/items/8904222244-camisa-zara?referrer=catalog,Neuf sans étiquette,Coton,"Blanc, Bleu clair",Hauts et t-shirts,25,"5,00 €","5,95 €",femme
https://www.vinted.fr/items/8901083564-short-taille-haute?referrer=catalog,Neuf sans étiquette,,Noir,Shorts,9,"3,00 €","3,85 €",femme
https://www.vinted.fr/items/8900410406-t-shirt-zara?referrer=catalog,Neuf sans étiquette,Coton,Blanc,Hauts et t-shirts,11,"4,00 €","4,90 €",femme
https://www.vinted.fr/items/8898455341-robe-jean-zara?referrer=catalog,Très bon état,Coton,Bleu,Robes,24,"15,00 €","16,38 €",femme
https://www.vinted.fr/items/8904541529-pull-kimono?referrer=catalog,Très bon état,Coton,Noir,Sweats et sweats à capuche,8,"5,00 €","5,95 €",femme
https://www.vinted.fr/items/8900702179-jogging-zara?referrer=catalog,Bon état,Coton,Vert,Vêtements de sport,11,"4,00 €","4,90 €",femme
https://www.vinted.fr/items/8898448490-blazer-long-zara?referrer=catalog,Très bon état,Polyester,Noir,Blazers et tailleurs,8,"10,00 €","11,20 €",femme
https://www.vinted.fr/items/8902810724-zara-tailored-waistcoat-like-new-no-tags?referrer=catalog,Neuf sans étiquette,Polyester,Kaki,Blazers et tailleurs,25,"8,00 €","9,10 €",femme
https://www.vinted.fr/items/8894095522-chemise-gaz-de-coton?referrer=catalog,Très bon état,,Blanc,Hauts et t-shirts,24,"5,00 €","5,95 €",femme
https://www.vinted.fr/items/8892553020-chemise-verte-zara?referrer=catalog,Très bon état,,Vert,Hauts et t-shirts,19,"5,00 €","5,95 €",femme
https://www.vinted.fr/items/8899108636-pull-sans-manche-taille-m-zara?referrer=catalog,Très bon état,"Coton, Polyester",Gris,Sweats et sweats à capuche,8,"6,00 €","7,00 €",femme
https://www.vinted.fr/items/8893179607-ceinture-zara-marron-beige?referrer=catalog,Très bon état,"Élasthanne, Jute","Marron, Beige",Accessoires,17,"7,00 €","8,05 €",femme
https://www.vinted.fr/items/8898799652-zara-bottes-daim-39?referrer=catalog,Très bon état,,Beige,Chaussures,106,"30,00 €","32,20 €",femme
https://www.vinted.fr/items/8902739581-jean-zara-taille-haute-36?referrer=catalog,Très bon état,Coton,"Bleu clair, Bleu",Jeans,15,"7,00 €","7,84 €",femme
https://www.vinted.fr/items/8894922374-chemisier-zara?referrer=catalog,Très bon état,Polyester,Vert foncé,Hauts et t-shirts,38,"5,00 €","5,95 €",femme
https://www.vinted.fr/items/8902372041-haut-drape-manches-longues-zara?referrer=catalog,Très bon état,Polyester,Noir,Hauts et t-shirts,37,"5,00 €","5,53 €",femme
https://www.vinted.fr/items/8896506296-casaco-bomber-beje?referrer=catalog,Bon état,Polyester,Beige,Manteaux et vestes,41,"10,00 €","11,20 €",femme
https://www.vinted.fr/items/8904626727-giacca-con-paillettes-verde-zara?referrer=catalog,Très bon état,"Polyester, Viscose","Vert, Crème",Blazers et tailleurs,17,"20,00 €","21,70 €",femme
https://www.vinted.fr/items/8892904843-short-en-jean-zara?referrer=catalog,Très bon état,Coton,Bleu clair,Shorts,15,"7,00 €","8,05 €",femme
https://www.vinted.fr/items/8896365288-jeans-bleu-clair-zara-taille-normal?referrer=catalog,Très bon état,Coton,Bleu clair,Jeans,15,"5,00 €","5,95 €",femme
https://www.vinted.fr/items/8904429610-top-halter-bleu-zara-taille-l?referrer=catalog,Très bon état,"Viscose, Nylon",Bleu clair,Hauts et t-shirts,16,"5,00 €","5,95 €",femme
https://www.vinted.fr/items/8903746431-wide-pants?referrer=catalog,Très bon état,"Coton, Polyester",Gris,Pantalons et leggings,32,"5,00 €","5,95 €",femme
https://www.vinted.fr/items/8903945146-macacao-linho?referrer=catalog,Neuf sans étiquette,,Gris,Combinaisons et combishorts,21,"7,00 €","7,70 €",femme
https://www.vinted.fr/items/8901203541-debardeur-pull?referrer=catalog,Bon état,"Coton, Polyester",Beige,Hauts et t-shirts,13,"3,00 €","3,56 €",femme
https://www.vinted.fr/items/8901707878-veste-en-jean-zara?referrer=catalog,Très bon état,Coton,"Marine, Bleu",Manteaux et vestes,16,"8,00 €","8,91 €",femme
https://www.vinted.fr/items/8904471234-robe-chemise-zara?referrer=catalog,Neuf sans étiquette,Coton,"Vert, Blanc",Robes,21,"10,00 €","11,20 €",femme
https://www.vinted.fr/items/8902954481-chemise-droite?referrer=catalog,Neuf sans étiquette,,"Bleu clair, Blanc",Hauts et t-shirts,10,"15,00 €","16,38 €",femme
https://www.vinted.fr/items/8901706515-haut-a-bretelles-larges?referrer=catalog,Très bon état,"Polyester, Élasthanne",Rose,Hauts et t-shirts,6,"3,00 €","3,85 €",femme
https://www.vinted.fr/items/8890164887-jean-droit?referrer=catalog,Très bon état,Coton,"Bleu clair, Bleu",Jeans,10,"6,00 €","6,77 €",femme
https://www.vinted.fr/items/8899284930-jean-troue-pour-femme?referrer=catalog,Très bon état,"Coton, Élasthanne",Bleu,Jeans,8,"6,00 €","7,00 €",femme
https://www.vinted.fr/items/8901622670-blazer-zara?referrer=catalog,Très bon état,"Polyester, Viscose, Élasthanne",Noir,Blazers et tailleurs,12,"10,00 €","11,20 €",femme
https://www.vinted.fr/items/8888921593-jean-bleu-mom-fit?referrer=catalog,Très bon état,Coton,"Bleu, Bleu clair",Jeans,24,"6,00 €","7,00 €",femme
https://www.vinted.fr/items/8901739330-jean-zara-42?referrer=catalog,Très bon état,"Coton, Élasthanne",Bleu,Jeans,5,"12,00 €","13,30 €",femme
https://www.vinted.fr/items/8896865637-jean-slim-zara-basic-z-1975-denim-blanc-taille-38?referrer=catalog,Très bon état,Coton,Blanc,Jeans,8,"4,00 €","4,44 €",femme
https://www.vinted.fr/items/8898529674-jeans-droit-zara?referrer=catalog,Très bon état,Coton,Gris,Jeans,12,"10,00 €","11,05 €",femme
https://www.vinted.fr/items/8891930328-jean-zara?referrer=catalog,Très bon état,Coton,Bleu clair,Jeans,12,"5,00 €","5,95 €",femme
https://www.vinted.fr/items/8902124918-debardeur-noir?referrer=catalog,Neuf sans étiquette,,Marine,Hauts et t-shirts,27,"10,00 €","11,20 €",femme
https://www.vinted.fr/items/8904716418-calcoes-zara?referrer=catalog,Neuf avec étiquette,"Coton, Polyester, Élasthanne",Blanc,Shorts,19,"6,50 €","7,53 €",femme
https://www.vinted.fr/items/8902253524-zara-mariniere-femme-rouge-taille-s?referrer=catalog,Très bon état,Coton,Rouge,Hauts et t-shirts,32,"3,00 €","3,85 €",femme
https://www.vinted.fr/items/8904005229-tres-jolie-mini-robe-cache-coeur-pour-lete?referrer=catalog,Très bon état,Coton,Rouge,Robes,9,"9,00 €","9,98 €",femme
https://www.vinted.fr/items/8890292621-chemise-contient-du-lin?referrer=catalog,Neuf avec étiquette,,Bleu clair,Hauts et t-shirts,68,"16,00 €","17,50 €",femme
https://www.vinted.fr/items/8900091630-mocassino-zara?referrer=catalog,Neuf sans étiquette,"Cuir, Cuir verni","Noir, Marron",Chaussures,44,"20,00 €","21,80 €",femme
https://www.vinted.fr/items/8899306282-pantalon?referrer=catalog,Très bon état,"Polyester, Viscose",Bleu clair,Pantalons et leggings,11,"7,00 €","8,05 €",femme
https://www.vinted.fr/items/8904656256-pull-manche-courte-zara-marrons-taille-s?referrer=catalog,Neuf sans étiquette,Coton,Marron,Sweats et sweats à capuche,34,"15,00 €","16,40 €",femme
https://www.vinted.fr/items/8885930421-body-noir?referrer=catalog,Très bon état,"Coton, Élasthanne",Noir,Hauts et t-shirts,17,"3,00 €","3,85 €",femme
https://www.vinted.fr/items/8894395782-pantalon?referrer=catalog,Très bon état,Lin,Beige,Pantalons et leggings,27,"10,00 €","10,95 €",femme
https://www.vinted.fr/items/8875653885-pantalon-lin?referrer=catalog,Neuf sans étiquette,,"Beige, Moutarde",Pantalons et leggings,39,"5,00 €","5,53 €",femme
https://www.vinted.fr/items/8904734064-body-blanco?referrer=catalog,Neuf sans étiquette,Coton,Blanc,Hauts et t-shirts,45,"3,00 €","3,36 €",homme
https://www.vinted.fr/items/8905275844-pantalon-motif-elephants-txl?referrer=catalog,Neuf sans étiquette,Polyester,"Blanc, Noir",Pantalons et leggings,2,"3,00 €","3,36 €",homme
https://www.vinted.fr/items/8905352779-maillot-de-bain-zara-neuf?referrer=catalog,Neuf avec étiquette,"Viscose, Élasthanne",Kaki,Maillots de bain,7,"10,00 €","11,20 €",homme
https://www.vinted.fr/items/8901203541-debardeur-pull?referrer=catalog,Bon état,"Coton, Polyester",Beige,Hauts et t-shirts,13,"3,00 €","3,85 €",homme
https://www.vinted.fr/items/8905380008-chemise-zara?referrer=catalog,Très bon état,Coton,Rose,Hauts et t-shirts,3,"8,00 €","8,78 €",homme
https://www.vinted.fr/items/8754000278-jeans-zara-taglia-38-dritto?referrer=catalog,Très bon état,Coton,Bleu,Jeans,28,"8,00 €","8,78 €",homme
https://www.vinted.fr/items/8904758247-pantalon-fluide-noir-zara?referrer=catalog,Neuf sans étiquette,"Polyester, Élasthanne",Noir,Pantalons et leggings,12,"15,00 €","16,45 €",homme
https://www.vinted.fr/items/8904380536-ensemble-blanc?referrer=catalog,Très bon état,"Coton, Polyester",Blanc,Vêtements de sport,26,"11,00 €","12,04 €",homme
https://www.vinted.fr/items/8904938467-penta-cour-large-en-tailleur-zara?referrer=catalog,Neuf sans étiquette,"Coton, Polyester",Beige,Pantalons et leggings,34,"10,00 €","10,95 €",homme
https://www.vinted.fr/items/8903934376-pull-zara?referrer=catalog,Neuf sans étiquette,,"Gris, Argenté",Sweats et sweats à capuche,13,"10,00 €","11,20 €",homme
https://www.vinted.fr/items/8900747964-pantalon-zara?referrer=catalog,Très bon état,"Polyester, Élasthanne",Beige,Pantalons et leggings,50,"10,00 €","11,05 €",homme
https://www.vinted.fr/items/8904904921-zara-cotton-beige-skirt-size-xs?referrer=catalog,Très bon état,Coton,Beige,Jupes,30,"8,00 €","8,91 €",homme
https://www.vinted.fr/items/8903714384-veste-manteau-ete?referrer=catalog,Neuf sans étiquette,"Coton, Lin",Crème,Manteaux et vestes,14,"10,00 €","10,95 €",homme
https://www.vinted.fr/items/8902183511-ensemble-beige-zara-jupe-et-top-s?referrer=catalog,Neuf sans étiquette,,Beige,Costumes et tenues particulières,22,"15,00 €","16,40 €",homme
https://www.vinted.fr/items/8901706515-haut-a-bretelles-larges?referrer=catalog,Très bon état,"Polyester, Élasthanne",Rose,Hauts et t-shirts,8,"3,00 €","3,56 €",homme
https://www.vinted.fr/items/8890812987-pantalon-elegant-bleu-ciel?referrer=catalog,Très bon état,"Polyester, Viscose",Bleu clair,Pantalons et leggings,27,"6,00 €","7,00 €",homme
https://www.vinted.fr/items/8904716418-calcoes-zara?referrer=catalog,Neuf avec étiquette,"Coton, Polyester, Élasthanne",Blanc,Shorts,23,"6,50 €","7,53 €",homme
https://www.vinted.fr/items/8904807041-completo-lino-zara?referrer=catalog,Neuf sans étiquette,,Bleu clair,Blazers et tailleurs,111,"40,00 €","43,15 €",homme
https://www.vinted.fr/items/8893253158-cinto-senhora?referrer=catalog,Neuf avec étiquette,Polyester,Marron,Accessoires,24,"5,00 €","5,70 €",homme
https://www.vinted.fr/items/8899052246-pantalon-a-carreaux?referrer=catalog,Très bon état,"Polyester, Viscose, Élasthanne",Menthe,Pantalons et leggings,7,"7,00 €","7,70 €",homme
https://www.vinted.fr/items/8901194050-chemise-crop-a-lignes?referrer=catalog,Très bon état,Coton,"Bleu, Blanc",Hauts et t-shirts,18,"6,00 €","7,00 €",homme
https://www.vinted.fr/items/8900903742-blazer-noir?referrer=catalog,Très bon état,"Polyester, Viscose, Élasthanne",Noir,Blazers et tailleurs,84,"15,00 €","16,45 €",homme
https://www.vinted.fr/items/8901783193-pantalon-zara?referrer=catalog,Très bon état,"Polyester, Viscose, Élasthanne","Beige, Crème",Pantalons et leggings,8,"15,00 €","16,45 €",homme
https://www.vinted.fr/items/8905353673-top-noir-zara?referrer=catalog,Très bon état,Polyester,Noir,Hauts et t-shirts,26,"15,00 €","16,40 €",homme
https://www.vinted.fr/items/8905086248-debardeur-col-v-femme-blanc-zara?referrer=catalog,Très bon état,Coton,Blanc,Hauts et t-shirts,14,"4,00 €","4,90 €",homme
https://www.vinted.fr/items/8901677366-body-zara-blanc?referrer=catalog,Très bon état,"Coton, Élasthanne",Blanc,Hauts et t-shirts,12,"5,00 €","5,95 €",homme
https://www.vinted.fr/items/8897713431-jupe-tube-noire-femme-zara-basics-taille-m?referrer=catalog,Très bon état,"Polyester, Viscose, Élasthanne",Noir,Jupes,38,"5,00 €","5,53 €",homme
https://www.vinted.fr/items/8901608637-gilet-zara?referrer=catalog,Très bon état,Polyester,"Fuchsia, Rose",Sweats et sweats à capuche,8,"9,00 €","10,15 €",homme
https://www.vinted.fr/items/8905315731-veste-dupe-zara?referrer=catalog,Neuf sans étiquette,Coton,Marron,Manteaux et vestes,10,"10,00 €","11,20 €",homme
https://www.vinted.fr/items/8905317311-t-shirt-zara?referrer=catalog,Très bon état,Coton,Noir,Hauts et t-shirts,7,"8,00 €","9,10 €",homme
https://www.vinted.fr/items/8898163607-pull-fin?referrer=catalog,Très bon état,"Polyester, Viscose, Nylon",Bleu,Sweats et sweats à capuche,6,"3,00 €","3,85 €",homme
https://www.vinted.fr/items/8900535082-pull-sans-manche-bleu-jean-zara?referrer=catalog,Très bon état,Coton,"Bleu, Bleu clair",Sweats et sweats à capuche,37,"4,00 €","4,44 €",homme
https://www.vinted.fr/items/8898455341-robe-jean-zara?referrer=catalog,Très bon état,Coton,Bleu,Robes,27,"15,00 €","16,45 €",homme
https://www.vinted.fr/items/8894530153-zara-femme?referrer=catalog,Très bon état,Coton,Blanc,Hauts et t-shirts,42,"6,00 €","6,61 €",homme
https://www.vinted.fr/items/8903950368-mocassins-cuir?referrer=catalog,Neuf sans étiquette,,Marron,Chaussures,49,"15,00 €","16,45 €",homme
https://www.vinted.fr/items/8900988743-leotard-bodysuit-zara?referrer=catalog,Très bon état,Élasthanne,Noir,Hauts et t-shirts,8,"5,00 €","5,70 €",homme
https://www.vinted.fr/items/8903415699-gilet-dos-nu-zara?referrer=catalog,Neuf sans étiquette,"Coton, Élasthanne",Beige,Hauts et t-shirts,20,"10,00 €","10,95 €",homme
https://www.vinted.fr/items/8903746431-wide-pants?referrer=catalog,Très bon état,"Coton, Polyester",Gris,Pantalons et leggings,33,"5,00 €","5,70 €",homme
https://www.vinted.fr/items/8900511540-pantalon-noire?referrer=catalog,Très bon état,Coton,"Noir, Blanc",Pantalons et leggings,222,"10,00 €","11,20 €",homme
https://www.vinted.fr/items/8902108246-combishort?referrer=catalog,Neuf sans étiquette,Coton,Bleu clair,Combinaisons et combishorts,13,"10,00 €","11,20 €",homme
https://www.vinted.fr/items/8882385328-jeans-skinny-zara?referrer=catalog,Très bon état,Coton,Bleu,Jeans,16,"3,00 €","3,85 €",homme
https://www.vinted.fr/items/8900818269-zara-tanktop?referrer=catalog,Très bon état,"Coton, Viscose, Élasthanne",Gris,Hauts et t-shirts,123,"7,00 €","7,84 €",homme
https://www.vinted.fr/items/8898448490-blazer-long-zara?referrer=catalog,Très bon état,Polyester,Noir,Blazers et tailleurs,8,"10,00 €","11,20 €",homme
https://www.vinted.fr/items/8904162264-petit-gilet-zara?referrer=catalog,Très bon état,Coton,Noir,Autres,54,"12,00 €","13,30 €",homme
https://www.vinted.fr/items/8903490544-2-pantalons-fluides?referrer=catalog,Très bon état,Polyester,"Rose, Bleu clair",Pantalons et leggings,14,"6,00 €","6,61 €",homme
https://www.vinted.fr/items/8891821764-pantalon-droit-lin-motif-vert?referrer=catalog,Très bon état,,"Vert foncé, Vert",Pantalons et leggings,62,"14,00 €","15,40 €",homme
https://www.vinted.fr/items/8894922374-chemisier-zara?referrer=catalog,Très bon état,Polyester,Vert foncé,Hauts et t-shirts,39,"5,00 €","5,95 €",homme
https://www.vinted.fr/items/8894693484-t-shirt-col-v?referrer=catalog,Neuf sans étiquette,Viscose,Gris,Hauts et t-shirts,20,"3,00 €","3,85 €",homme
https://www.vinted.fr/items/8903183394-veste-zara-txl?referrer=catalog,Bon état,"Coton, Polyester, Laine",Noir,Blazers et tailleurs,9,"5,00 €","5,95 €",homme
https://www.vinted.fr/items/8899968626-tunique-bretelles-coton?referrer=catalog,Très bon état,Coton,Blanc,Hauts et t-shirts,5,"5,00 €","5,53 €",homme
https://www.vinted.fr/items/8903836657-top-bretelle-reglable-zara-satine-fushia-rose-violet-effet?referrer=catalog,Neuf sans étiquette,"Polyester, Soie, Élasthanne","Violet, Fuchsia",Hauts et t-shirts,10,"5,00 €","5,95 €",homme
https://www.vinted.fr/items/8902372041-haut-drape-manches-longues-zara?referrer=catalog,Très bon état,Polyester,Noir,Hauts et t-shirts,38,"5,00 €","5,95 €",homme
https://www.vinted.fr/items/8902946098-jupe-short-avec-noeud-zara?referrer=catalog,Neuf sans étiquette,Polyester,Crème,Jupes,7,"5,00 €","5,70 €",homme
https://www.vinted.fr/items/8900629459-elegant-body-decollete?referrer=catalog,Très bon état,"Viscose, Élasthanne, Acrylique",Kaki,Hauts et t-shirts,37,"4,00 €","4,63 €",homme
https://www.vinted.fr/items/8897817816-jean-mom-zara?referrer=catalog,Bon état,Coton,Bleu clair,Jeans,9,"6,00 €","7,00 €",homme
https://www.vinted.fr/items/8892553020-chemise-verte-zara?referrer=catalog,Très bon état,,Vert,Hauts et t-shirts,19,"5,00 €","5,95 €",homme
https://www.vinted.fr/items/8903149491-veste-zara-neuve?referrer=catalog,Neuf sans étiquette,"Viscose, Lin, Carton",Bleu clair,Blazers et tailleurs,12,"15,00 €","16,38 €",homme
https://www.vinted.fr/items/8904155276-bomber-jacket?referrer=catalog,Très bon état,Coton,Beige,Manteaux et vestes,29,"10,00 €","11,20 €",homme
https://www.vinted.fr/items/8903554074-leather-jacket?referrer=catalog,Très bon état,,Noir,Manteaux et vestes,24,"10,00 €","11,20 €",homme
https://www.vinted.fr/items/8893841522-leggings-hiver-zara?referrer=catalog,Très bon état,Élasthanne,Noir,Pantalons et leggings,9,"3,00 €","3,36 €",homme
https://www.vinted.fr/items/8904533204-pantalons-zara?referrer=catalog,Très bon état,Coton,Blanc,Jeans,11,"16,00 €","17,46 €",homme
https://www.vinted.fr/items/8902253524-zara-mariniere-femme-rouge-taille-s?referrer=catalog,Très bon état,Coton,Rouge,Hauts et t-shirts,33,"3,00 €","3,85 €",homme
https://www.vinted.fr/items/8900410406-t-shirt-zara?referrer=catalog,Neuf sans étiquette,Coton,Blanc,Hauts et t-shirts,11,"4,00 €","4,90 €",homme
https://www.vinted.fr/items/8899108636-pull-sans-manche-taille-m-zara?referrer=catalog,Très bon état,"Coton, Polyester",Gris,Sweats et sweats à capuche,9,"6,00 €","7,00 €",homme
https://www.vinted.fr/items/8904626727-giacca-con-paillettes-verde-zara?referrer=catalog,Très bon état,"Polyester, Viscose","Vert, Crème",Blazers et tailleurs,21,"20,00 €","21,70 €",homme
https://www.vinted.fr/items/8904541529-pull-kimono?referrer=catalog,Très bon état,Coton,Noir,Sweats et sweats à capuche,9,"5,00 €","5,70 €",homme
https://www.vinted.fr/items/8901703589-t-shirt-vert-zara-qui-se-resserre?referrer=catalog,Neuf sans étiquette,Coton,Vert,Hauts et t-shirts,7,"2,00 €","2,80 €",homme
https://www.vinted.fr/items/8898799652-zara-bottes-daim-39?referrer=catalog,Très bon état,,Beige,Chaussures,108,"30,00 €","32,65 €",homme
https://www.vinted.fr/items/8902935206-blouse-zara?referrer=catalog,Neuf sans étiquette,Polyester,Beige,Hauts et t-shirts,9,"6,00 €","7,00 €",homme
https://www.vinted.fr/items/8900956304-t-shirt-lycra-zara?referrer=catalog,Très bon état,,Noir,Hauts et t-shirts,19,"5,00 €","5,95 €",homme
https://www.vinted.fr/items/8901914970-chapeau-effet-foulard?referrer=catalog,Neuf sans étiquette,Polyester,"Turquoise, Orange",Accessoires,11,"6,00 €","6,61 €",homme
https://www.vinted.fr/items/8897978686-veste-courte-jean?referrer=catalog,Bon état,"Coton, Élasthanne",Bleu,Manteaux et vestes,33,"5,00 €","5,95 €",homme
https://www.vinted.fr/items/8896365288-jeans-bleu-clair-zara-taille-normal?referrer=catalog,Très bon état,Coton,Bleu clair,Jeans,15,"5,00 €","5,95 €",homme
https://www.vinted.fr/items/8903678866-cappotto-zara-marrone-over?referrer=catalog,Bon état,Polyester,Marron,Manteaux et vestes,22,"15,00 €","16,40 €",homme
https://www.vinted.fr/items/8904429610-top-halter-bleu-zara-taille-l?referrer=catalog,Très bon état,"Viscose, Nylon",Bleu clair,Hauts et t-shirts,16,"5,00 €","5,95 €",homme
https://www.vinted.fr/items/8890164887-jean-droit?referrer=catalog,Très bon état,Coton,"Bleu clair, Bleu",Jeans,11,"6,00 €","6,77 €",homme
https://www.vinted.fr/items/8894095522-chemise-gaz-de-coton?referrer=catalog,Très bon état,,Blanc,Hauts et t-shirts,24,"5,00 €","5,95 €",homme
https://www.vinted.fr/items/8902935913-pantalon-zara?referrer=catalog,Bon état,"Polyester, Viscose, Élasthanne",Vert foncé,Pantalons et leggings,4,"7,00 €","7,84 €",homme
https://www.vinted.fr/items/8901035092-blouson-femme?referrer=catalog,Neuf sans étiquette,"Coton, Polyester",Noir,Manteaux et vestes,4,"10,00 €","11,20 €",homme
https://www.vinted.fr/items/8888921593-jean-bleu-mom-fit?referrer=catalog,Très bon état,Coton,"Bleu, Bleu clair",Jeans,24,"6,00 €","7,00 €",homme
https://www.vinted.fr/items/8885930421-body-noir?referrer=catalog,Très bon état,"Coton, Élasthanne",Noir,Hauts et t-shirts,17,"3,00 €","3,85 €",homme
https://www.vinted.fr/items/8902124918-debardeur-noir?referrer=catalog,Neuf sans étiquette,,Marine,Hauts et t-shirts,29,"10,00 €","11,20 €",homme
https://www.vinted.fr/items/8897810023-veste-zara?referrer=catalog,Très bon état,"Polyester, Viscose, Élasthanne",Noir,Blazers et tailleurs,11,"7,00 €","8,05 €",homme
https://www.vinted.fr/items/8899284930-jean-troue-pour-femme?referrer=catalog,Très bon état,"Coton, Élasthanne",Bleu,Jeans,9,"6,00 €","6,61 €",homme
https://www.vinted.fr/items/8894395782-pantalon?referrer=catalog,Très bon état,Lin,Beige,Pantalons et leggings,28,"10,00 €","11,20 €",homme
https://www.vinted.fr/items/8904471234-robe-chemise-zara?referrer=catalog,Neuf sans étiquette,Coton,"Vert, Blanc",Robes,24,"10,00 €","11,20 €",homme
https://www.vinted.fr/items/8895035906-blazer-rouge-zara?referrer=catalog,Très bon état,Polyester,Rouge,Blazers et tailleurs,33,"10,00 €","11,05 €",homme
https://www.vinted.fr/items/8904006728-chemise-bleu-clair-zara?referrer=catalog,Très bon état,Coton,Bleu clair,Hauts et t-shirts,9,"5,00 €","5,95 €",homme
https://www.vinted.fr/items/8903896776-zara-mini-abito-mesh-psichedelico?referrer=catalog,Très bon état,"Polyester, Élasthanne",Multicolore,Robes,38,"8,00 €","9,10 €",homme
https://www.vinted.fr/items/8894205259-debardeur-noir-zara?referrer=catalog,Très bon état,Coton,Noir,Hauts et t-shirts,25,"4,00 €","4,90 €",homme
https://www.vinted.fr/items/8896506296-casaco-bomber-beje?referrer=catalog,Bon état,Polyester,Beige,Manteaux et vestes,42,"10,00 €","10,95 €",homme
https://www.vinted.fr/items/8902448872-blouse-dentelee-blanche-zara?referrer=catalog,Très bon état,Polyester,Blanc,Hauts et t-shirts,21,"5,00 €","5,95 €",homme
https://www.vinted.fr/items/8900091630-mocassino-zara?referrer=catalog,Neuf sans étiquette,"Cuir, Cuir verni","Noir, Marron",Chaussures,46,"20,00 €","21,80 €",homme
https://www.vinted.fr/items/8905130645-combinaison-en-lin-moutarde-zara-taille-xs?referrer=catalog,Très bon état,,Moutarde,Combinaisons et combishorts,11,"12,00 €","13,30 €",homme
https://www.vinted.fr/items/8902153215-top-court?referrer=catalog,Neuf avec étiquette,"Polyester, Viscose",Menthe,Hauts et t-shirts,13,"5,00 €","5,95 €",homme
https://www.vinted.fr/items/8894325083-blouson-sans-manches-zara?referrer=catalog,Bon état,,Noir,Manteaux et vestes,44,"5,00 €","5,53 €",homme
https://www.vinted.fr/items/8904850971-beau-pantalon-zara-slim-confort-max-jaune-moutarde-38?referrer=catalog,Très bon état,Coton,Moutarde,Pantalons et leggings,2,"5,20 €","6,16 €",fille
https://www.vinted.fr/items/8903745636-jeans?referrer=catalog,Neuf sans étiquette,Coton,Bleu,Jeans,5,"8,00 €","8,91 €",fille
https://www.vinted.fr/items/8851613746-chemise-noir?referrer=catalog,Neuf sans étiquette,Polyester,Noir,Hauts et t-shirts,8,"5,00 €","5,70 €",fille
https://www.vinted.fr/items/8905275844-pantalon-motif-elephants-txl?referrer=catalog,Neuf sans étiquette,Polyester,"Blanc, Noir",Pantalons et leggings,2,"3,00 €","3,85 €",fille
https://www.vinted.fr/items/8859466463-robe-imprimee-zara?referrer=catalog,Neuf sans étiquette,Viscose,"Multicolore, Blanc",Robes,34,"24,00 €","26,14 €",fille
https://www.vinted.fr/items/8905352779-maillot-de-bain-zara-neuf?referrer=catalog,Neuf avec étiquette,"Viscose, Élasthanne",Kaki,Maillots de bain,14,"10,00 €","11,05 €",fille
https://www.vinted.fr/items/8831838078-falda-mini-rosa-drapeada-fruncida?referrer=catalog,Neuf sans étiquette,Polyester,Rose,Jupes,2,"8,00 €","8,78 €",fille
https://www.vinted.fr/items/8905380008-chemise-zara?referrer=catalog,Très bon état,Coton,Rose,Hauts et t-shirts,5,"8,00 €","8,78 €",fille
https://www.vinted.fr/items/8904758247-pantalon-fluide-noir-zara?referrer=catalog,Neuf sans étiquette,"Polyester, Élasthanne",Noir,Pantalons et leggings,13,"15,00 €","16,38 €",fille
https://www.vinted.fr/items/8879781159-ensemble-lin-zara?referrer=catalog,Très bon état,,Jaune,Combinaisons et combishorts,21,"58,00 €","61,60 €",fille
https://www.vinted.fr/items/8903934376-pull-zara?referrer=catalog,Neuf sans étiquette,,"Gris, Argenté",Sweats et sweats à capuche,13,"10,00 €","11,05 €",fille
https://www.vinted.fr/items/8867965503-calcas-de-ganga-zara-perna-larga?referrer=catalog,Très bon état,Coton,"Bleu clair, Bleu",Jeans,8,"8,00 €","8,78 €",fille
https://www.vinted.fr/items/8866294983-superbe-ensemble-tailleur-pantalon-zara-taille-xl?referrer=catalog,Très bon état,"Polyester, Viscose",Bleu clair,Blazers et tailleurs,133,"49,00 €","52,15 €",fille
https://www.vinted.fr/items/8873394100-pantaloncini-brillantinati?referrer=catalog,Neuf sans étiquette,Coton,Argenté,Shorts,20,"10,00 €","11,20 €",fille
https://www.vinted.fr/items/8903187229-tee-shirt-blanc-a-manches-courtes-zara-femme?referrer=catalog,Très bon état,Coton,Blanc,Hauts et t-shirts,53,"4,00 €","4,63 €",fille
https://www.vinted.fr/items/8899944658-veste-blazers-en-lin-blanc-zara-s-36-38?referrer=catalog,Très bon état,,Blanc,Blazers et tailleurs,30,"25,00 €","27,10 €",fille
https://www.vinted.fr/items/8845066766-vestido-largo-de-punto-fino-multicolor-de-zara?referrer=catalog,Très bon état,,Multicolore,Robes,20,"25,00 €","27,23 €",fille
https://www.vinted.fr/items/8854550657-robe-courte-en-lin-zara?referrer=catalog,Très bon état,Lin,Crème,Robes,43,"7,00 €","8,05 €",fille
https://www.vinted.fr/items/8904704889-blusa-rosa-cipria-super-femminile-maniche-balloon-vita-stretta?referrer=catalog,Très bon état,Polyester,Rose,Hauts et t-shirts,4,"18,00 €","19,60 €",fille
https://www.vinted.fr/items/8903147051-jeans?referrer=catalog,Neuf sans étiquette,Coton,Bleu clair,Jeans,53,"5,00 €","5,70 €",fille
https://www.vinted.fr/items/8881767728-zara-shoes?referrer=catalog,Très bon état,Cuir,Noir,Chaussures,198,"25,00 €","27,23 €",fille
https://www.vinted.fr/items/8845733630-zara-obertreil?referrer=catalog,Bon état,"Polyester, Élasthanne",Noir,Hauts et t-shirts,5,"5,00 €","5,70 €",fille
https://www.vinted.fr/items/8903714384-veste-manteau-ete?referrer=catalog,Neuf sans étiquette,"Coton, Lin",Crème,Manteaux et vestes,14,"10,00 €","11,20 €",fille
https://www.vinted.fr/items/8861608504-jeans-bianco-zara?referrer=catalog,Neuf avec étiquette,Coton,"Blanc, Crème",Jeans,92,"18,00 €","19,60 €",fille
https://www.vinted.fr/items/8883717639-zara-stiefel?referrer=catalog,Neuf avec étiquette,Cuir,Marron,Chaussures,118,"60,00 €","64,55 €",fille
https://www.vinted.fr/items/8899588987-bomber?referrer=catalog,Neuf avec étiquette,,Marron,Manteaux et vestes,65,"45,00 €","48,50 €",fille
https://www.vinted.fr/items/8872670828-cardigan-zara-simple-taille-m-tres-bon-etat?referrer=catalog,Très bon état,"Coton, Polyester",Gris,Sweats et sweats à capuche,3,"6,00 €","6,77 €",fille
https://www.vinted.fr/items/8894456125-blazer-tailleur-noir-raye-zara-woman-tailoring-t38-laine?referrer=catalog,Très bon état,Laine,Noir,Blazers et tailleurs,7,"14,00 €","15,40 €",fille
https://www.vinted.fr/items/8841673198-sfiziosa-gonna-corta-nera-taglia-m-brand-zara-basic?referrer=catalog,Très bon état,Polyester,"Noir, Beige",Jupes,3,"6,00 €","7,00 €",fille
https://www.vinted.fr/items/8902183511-ensemble-beige-zara-jupe-et-top-s?referrer=catalog,Neuf sans étiquette,,Beige,Costumes et tenues particulières,22,"15,00 €","16,38 €",fille
https://www.vinted.fr/items/8862577638-jupe-longue-zara?referrer=catalog,Très bon état,Coton,Bleu,Jupes,37,"9,00 €","9,87 €",fille
https://www.vinted.fr/items/8884343728-pantalon-jambes-larges-noir?referrer=catalog,Très bon état,Polyester,Noir,Pantalons et leggings,17,"10,00 €","10,95 €",fille
https://www.vinted.fr/items/8846778027-tee-shirt-top-cache-coeur-gris-fonce-zara-femme-taille-s-neuf?referrer=catalog,Neuf avec étiquette,"Polyester, Élasthanne",Gris,Hauts et t-shirts,116,"16,00 €","17,47 €",fille
https://www.vinted.fr/items/8840955378-jean-zara-taille-l-butter-yellow?referrer=catalog,Neuf sans étiquette,Coton,"Crème, Jaune",Jeans,9,"18,00 €","19,60 €",fille
https://www.vinted.fr/items/8838076627-linnen-bloes-met-uniek-detail-van-zara?referrer=catalog,Très bon état,Lin,Crème,Hauts et t-shirts,13,"12,00 €","13,30 €",fille
https://www.vinted.fr/items/8900045622-chemise-bleue-zara?referrer=catalog,Très bon état,Coton,Bleu clair,Hauts et t-shirts,11,"15,00 €","16,45 €",fille
https://www.vinted.fr/items/8867603375-calcas-cargo-verde-kaki-zara?referrer=catalog,Neuf sans étiquette,"Polyester, Viscose, Élasthanne",Kaki,Pantalons et leggings,13,"25,00 €","26,95 €",fille
https://www.vinted.fr/items/8847099702-jupe-short-bleue?referrer=catalog,Très bon état,Coton,Bleu,Jupes-shorts,104,"18,00 €","19,60 €",fille
https://www.vinted.fr/items/8886985184-kanten-avond-jurk-van-zara?referrer=catalog,Neuf avec étiquette,Polyester,Crème,Lingerie et pyjamas,30,"15,00 €","16,38 €",fille
https://www.vinted.fr/items/8903723420-veste-en-cuir-zara?referrer=catalog,Bon état,,Kaki,Manteaux et vestes,5,"6,00 €","7,00 €",fille
https://www.vinted.fr/items/8839681029-cotton-a-line-long-pleated-skirt-with-pocket?referrer=catalog,Très bon état,Coton,Noir,Jupes,36,"7,00 €","7,84 €",fille
https://www.vinted.fr/items/8868587305-chemise-beige-lin-zara?referrer=catalog,Très bon état,,"Beige, Crème",Hauts et t-shirts,36,"10,00 €","11,20 €",fille
https://www.vinted.fr/items/8846575046-jeans-straight-zara-t34?referrer=catalog,Très bon état,,Bleu clair,Jeans,17,"8,00 €","9,10 €",fille
https://www.vinted.fr/items/8898460810-bandana-cox-boy-53x48-bleu-nuit-et-blanc-excellent-etat-zara?referrer=catalog,Neuf avec étiquette,Coton,"Marine, Blanc",Accessoires,46,"6,00 €","6,61 €",fille
https://www.vinted.fr/items/8891820709-manteau-beige-zara-taille-m-manteau-long-elegant-femme-style-chic?referrer=catalog,Très bon état,Polyester,Beige,Manteaux et vestes,9,"5,00 €","5,95 €",fille
https://www.vinted.fr/items/8864131290-pantalon-large-a-rayures-zara-neuf?referrer=catalog,Neuf avec étiquette,"Polyester, Viscose",Crème,Pantalons et leggings,15,"28,00 €","30,10 €",fille
https://www.vinted.fr/items/8847252524-zara-cotton-jacket-new-with-tags-size-l?referrer=catalog,Neuf avec étiquette,Coton,Marine,Manteaux et vestes,20,"45,00 €","48,50 €",fille
https://www.vinted.fr/items/8890966352-burgundy-zara-ballet-flats-eu39?referrer=catalog,Très bon état,Cuir synthétique,Bordeaux,Chaussures,35,"25,00 €","27,23 €",fille
https://www.vinted.fr/items/8903447133-camicia-lino?referrer=catalog,Très bon état,,Crème,Hauts et t-shirts,35,"6,00 €","6,61 €",fille
https://www.vinted.fr/items/8894739370-superbe-short-en-lin-zara-rose-neuf-avec-etiquette-m?referrer=catalog,Neuf avec étiquette,Lin,"Rose, Fuchsia",Shorts,42,"13,00 €","14,35 €",fille
https://www.vinted.fr/items/8882113100-jeans-cargo-bleu-dur-zara-t36?referrer=catalog,Très bon état,Coton,Bleu,Jeans,4,"8,00 €","9,10 €",fille
https://www.vinted.fr/items/8897713431-jupe-tube-noire-femme-zara-basics-taille-m?referrer=catalog,Très bon état,"Polyester, Viscose, Élasthanne",Noir,Jupes,38,"5,00 €","5,95 €",fille
https://www.vinted.fr/items/8905369036-robe-verte-zara?referrer=catalog,Très bon état,Coton,Vert foncé,Robes,5,"8,00 €","9,10 €",fille
https://www.vinted.fr/items/8904938467-penta-cour-large-en-tailleur-zara?referrer=catalog,Neuf sans étiquette,"Coton, Polyester",Beige,Pantalons et leggings,36,"10,00 €","11,20 €",fille
https://www.vinted.fr/items/8825790147-vestido-corto-bordado-estilo-boho-zara-talla-s?referrer=catalog,Neuf sans étiquette,Polyester,Rouge,Robes,95,"45,00 €","47,95 €",fille
https://www.vinted.fr/items/8904083325-haut-zara?referrer=catalog,Très bon état,"Coton, Lin, Dentelle",Crème,Hauts et t-shirts,139,"17,00 €","18,55 €",fille
https://www.vinted.fr/items/8858589568-robe-inspiration-zimmermann?referrer=catalog,Neuf avec étiquette,,"Lila, Bleu clair",Robes,156,"60,00 €","63,70 €",fille
https://www.vinted.fr/items/8899415067-veste-en-cuir-zara?referrer=catalog,Très bon état,"Cuir, Cuir synthétique","Kaki, Vert",Manteaux et vestes,49,"35,00 €","38,08 €",fille
https://www.vinted.fr/items/8888811251-bolsa-de-verano-sport?referrer=catalog,Neuf sans étiquette,Coton,Crème,Sacs,17,"8,00 €","8,78 €",fille
https://www.vinted.fr/items/8836561256-vestido-corto-de-zara?referrer=catalog,Neuf avec étiquette,"Polyester, Élasthanne","Noir, Marron",Robes,22,"20,00 €","21,70 €",fille
https://www.vinted.fr/items/8891622086-mules-zara?referrer=catalog,Neuf avec étiquette,Cuir,"Marron, Bordeaux",Chaussures,42,"35,00 €","37,45 €",fille
https://www.vinted.fr/items/8887297596-belles-bottines-zara?referrer=catalog,Très bon état,,Noir,Chaussures,3,"20,00 €","21,70 €",fille
https://www.vinted.fr/items/8841028086-veste-noire-en-lin-zara-s-neuve?referrer=catalog,Neuf avec étiquette,,Noir,Manteaux et vestes,4,"35,00 €","37,45 €",fille
https://www.vinted.fr/items/8883949981-pantoletten-zara?referrer=catalog,Neuf sans étiquette,Cuir,Orange,Chaussures,54,"13,00 €","14,35 €",fille
https://www.vinted.fr/items/8893414196-magnifique-robe-porcelaine-zara?referrer=catalog,Neuf avec étiquette,"Viscose, Lin","Blanc, Bleu",Robes,50,"20,00 €","21,70 €",fille
https://www.vinted.fr/items/8889312463-veste-sans-manches-zara-brodee-bleu-ecru-style-boheme-folk-coton-tm?referrer=catalog,Très bon état,Coton,"Bleu, Crème",Manteaux et vestes,41,"24,00 €","26,03 €",fille
https://www.vinted.fr/items/8850198840-top-court-zara-gris-taille-m?referrer=catalog,Très bon état,Coton,Gris,Hauts et t-shirts,53,"6,00 €","7,00 €",fille
https://www.vinted.fr/items/8904380536-ensemble-blanc?referrer=catalog,Très bon état,"Coton, Polyester",Blanc,Vêtements de sport,27,"11,00 €","12,25 €",fille
https://www.vinted.fr/items/8831810334-zara-cardigan?referrer=catalog,Très bon état,Coton,Multicolore,Sweats et sweats à capuche,,"20,00 €","21,70 €",fille
https://www.vinted.fr/items/8904563714-pantalon-lino-de-zara?referrer=catalog,Neuf sans étiquette,,"Crème, Beige",Pantalons et leggings,9,"2,00 €","2,80 €",fille
https://www.vinted.fr/items/8900535082-pull-sans-manche-bleu-jean-zara?referrer=catalog,Très bon état,Coton,"Bleu, Bleu clair",Sweats et sweats à capuche,37,"4,00 €","4,90 €",fille
https://www.vinted.fr/items/8883927111-calcas-ballon-zara?referrer=catalog,Très bon état,Coton,"Beige, Marron",Pantalons et leggings,106,"30,00 €","32,20 €",fille
https://www.vinted.fr/items/8833069471-jeans-zara?referrer=catalog,Très bon état,,Bleu clair,Jeans,5,"10,00 €","11,20 €",fille
https://www.vinted.fr/items/8899052246-pantalon-a-carreaux?referrer=catalog,Très bon état,"Polyester, Viscose, Élasthanne",Menthe,Pantalons et leggings,8,"7,00 €","8,05 €",fille
https://www.vinted.fr/items/8786787365-ravissant-chemisier-en-broderie-anglaise-neuf?referrer=catalog,Neuf avec étiquette,Coton,Blanc,Hauts et t-shirts,62,"25,00 €","27,23 €",fille
https://www.vinted.fr/items/8895552212-schones-kleid?referrer=catalog,Très bon état,Viscose,"Fuchsia, Jaune",Robes,57,"20,00 €","21,70 €",fille
https://www.vinted.fr/items/8883136431-bottes-plates-en-croute-de-cuir-avec-doublure-interieur?referrer=catalog,Neuf avec étiquette,"Cuir, Daim","Beige, Abricot",Chaussures,13,"79,99 €","84,69 €",fille
https://www.vinted.fr/items/8898657463-lot-de-22-vetements-neuf-avec-etiquette-et-en-tres-bonne-etat-toute-taille-toute-marque?referrer=catalog,Neuf avec étiquette,"Coton, Polyester",Multicolore,Autres,8,"40,00 €","42,70 €",fille
https://www.vinted.fr/items/8840559490-veste-en-jean-virale-zara-stockholm-s-36-femme-kaki-col-chemise-coton?referrer=catalog,Très bon état,Coton,Kaki,Manteaux et vestes,77,"54,00 €","58,69 €",fille
https://www.vinted.fr/items/8891349433-zara-brown-leather-jacket?referrer=catalog,Très bon état,,Marron,Manteaux et vestes,27,"30,00 €","32,45 €",fille
https://www.vinted.fr/items/8902226462-elegante-zara-blazerjas-in-camelkleur?referrer=catalog,Neuf sans étiquette,"Polyester, Viscose",Abricot,Blazers et tailleurs,52,"20,00 €","21,70 €",fille
https://www.vinted.fr/items/8872712034-magnifique-robe-chemise-longue-bleue-a-broderie-fleurie-taille-m-zara-neuve?referrer=catalog,Neuf sans étiquette,,"Bleu clair, Blanc",Robes,41,"27,00 €","29,05 €",fille
https://www.vinted.fr/items/8890812987-pantalon-elegant-bleu-ciel?referrer=catalog,Très bon état,"Polyester, Viscose",Bleu clair,Pantalons et leggings,27,"6,00 €","6,77 €",fille
https://www.vinted.fr/items/8841303595-wildleder-blazer-jacke-von-zara?referrer=catalog,Très bon état,Daim,Marron,Blazers et tailleurs,20,"100,00 €","107,35 €",fille
https://www.vinted.fr/items/8823914909-midikleid-von-zara-mit-schonem-blumenmuster?referrer=catalog,Très bon état,Coton,Multicolore,Robes,12,"25,00 €","26,95 €",fille
https://www.vinted.fr/items/8902731889-robe-zara-boho?referrer=catalog,Neuf sans étiquette,Viscose,"Multicolore, Rose",Robes,22,"24,00 €","26,03 €",fille
https://www.vinted.fr/items/8855688783-zara-leer-jas-zwart-s?referrer=catalog,Très bon état,Cuir synthétique,Noir,Manteaux et vestes,17,"24,00 €","26,03 €",fille
https://www.vinted.fr/items/8857181371-vestido-de-lino-de-zara-con-cremallera?referrer=catalog,Neuf avec étiquette,Lin,Rouge,Robes,40,"17,00 €","18,55 €",fille
https://www.vinted.fr/items/8831297153-pantalon-zara-lino-tejidos-naturales-beige-nuevo-con-etiquetas-magnifico?referrer=catalog,Neuf avec étiquette,"Viscose, Lin",Beige,Pantalons et leggings,14,"28,00 €","30,10 €",fille
https://www.vinted.fr/items/8898163607-pull-fin?referrer=catalog,Très bon état,"Polyester, Viscose, Nylon",Bleu,Sweats et sweats à capuche,6,"3,00 €","3,36 €",fille
https://www.vinted.fr/items/8870167613-robe-kaki-zara-s?referrer=catalog,Très bon état,,Kaki,Robes,53,"11,00 €","12,25 €",fille
https://www.vinted.fr/items/8903490544-2-pantalons-fluides?referrer=catalog,Très bon état,Polyester,"Rose, Bleu clair",Pantalons et leggings,14,"6,00 €","7,00 €",fille
https://www.vinted.fr/items/8902971894-robe-ou-tunique-zara-taille-xl-neuve?referrer=catalog,Neuf avec étiquette,Polyester,"Bleu clair, Crème",Robes,7,"18,00 €","19,61 €",fille
https://www.vinted.fr/items/8891404471-veste-virale-jean-kaki-brodee-zara-tm?referrer=catalog,Neuf sans étiquette,"Coton, Denim",Kaki,Manteaux et vestes,97,"70,00 €","76,05 €",fille
https://www.vinted.fr/items/8901706515-haut-a-bretelles-larges?referrer=catalog,Très bon état,"Polyester, Élasthanne",Rose,Hauts et t-shirts,8,"3,00 €","3,85 €",fille
https://www.vinted.fr/items/8903950368-mocassins-cuir?referrer=catalog,Neuf sans étiquette,,Marron,Chaussures,50,"15,00 €","16,45 €",fille
https://www.vinted.fr/items/8903745636-jeans?referrer=catalog,Neuf sans étiquette,Coton,Bleu,Jeans,7,"8,00 €","8,78 €",garcon
https://www.vinted.fr/items/8851613746-chemise-noir?referrer=catalog,Neuf sans étiquette,Polyester,Noir,Hauts et t-shirts,8,"5,00 €","5,95 €",garcon
https://www.vinted.fr/items/8879781159-ensemble-lin-zara?referrer=catalog,Très bon état,,Jaune,Combinaisons et combishorts,21,"58,00 €","61,60 €",garcon
https://www.vinted.fr/items/8873394100-pantaloncini-brillantinati?referrer=catalog,Neuf sans étiquette,Coton,Argenté,Shorts,20,"10,00 €","11,20 €",garcon
https://www.vinted.fr/items/8905275844-pantalon-motif-elephants-txl?referrer=catalog,Neuf sans étiquette,Polyester,"Blanc, Noir",Pantalons et leggings,2,"3,00 €","3,85 €",garcon
https://www.vinted.fr/items/8822412852-jogging-zara-taille-s?referrer=catalog,Neuf avec étiquette,Coton,Blanc,Vêtements de sport,7,"18,00 €","19,63 €",garcon
https://www.vinted.fr/items/8903147051-jeans?referrer=catalog,Neuf sans étiquette,Coton,Bleu clair,Jeans,53,"5,00 €","5,95 €",garcon
https://www.vinted.fr/items/8881767728-zara-shoes?referrer=catalog,Très bon état,Cuir,Noir,Chaussures,198,"25,00 €","27,10 €",garcon
https://www.vinted.fr/items/8905299891-veste-en-cuire-zara?referrer=catalog,Bon état,,Noir,Manteaux et vestes,5,"10,00 €","11,20 €",garcon
https://www.vinted.fr/items/8902183511-ensemble-beige-zara-jupe-et-top-s?referrer=catalog,Neuf sans étiquette,,Beige,Costumes et tenues particulières,22,"15,00 €","16,38 €",garcon
https://www.vinted.fr/items/8854550657-robe-courte-en-lin-zara?referrer=catalog,Très bon état,Lin,Crème,Robes,43,"7,00 €","8,05 €",garcon
https://www.vinted.fr/items/8823810850-pantalon-vaquero-nuevo-sin-estrenar-porque-me-queda-grande?referrer=catalog,Neuf sans étiquette,Coton,Bleu clair,Jeans,2,"19,00 €","20,65 €",garcon
https://www.vinted.fr/items/8861608504-jeans-bianco-zara?referrer=catalog,Neuf avec étiquette,Coton,"Blanc, Crème",Jeans,92,"18,00 €","19,60 €",garcon
https://www.vinted.fr/items/8899588987-bomber?referrer=catalog,Neuf avec étiquette,,Marron,Manteaux et vestes,66,"45,00 €","48,50 €",garcon
https://www.vinted.fr/items/8902226462-elegante-zara-blazerjas-in-camelkleur?referrer=catalog,Neuf sans étiquette,"Polyester, Viscose",Abricot,Blazers et tailleurs,52,"20,00 €","21,70 €",garcon
https://www.vinted.fr/items/8822303688-tee-shirt-fleurs-reliefs-oversize?referrer=catalog,Très bon état,Coton,Rose,Hauts et t-shirts,12,"4,99 €","5,51 €",garcon
https://www.vinted.fr/items/8845733630-zara-obertreil?referrer=catalog,Bon état,"Polyester, Élasthanne",Noir,Hauts et t-shirts,5,"5,00 €","5,95 €",garcon
https://www.vinted.fr/items/8862577638-jupe-longue-zara?referrer=catalog,Très bon état,Coton,Bleu,Jupes,37,"9,00 €","9,98 €",garcon
https://www.vinted.fr/items/8699833161-petit-haut-cours?referrer=catalog,Très bon état,Lin,"Noir, Blanc",Hauts et t-shirts,3,"10,00 €","11,05 €",garcon
https://www.vinted.fr/items/8890966352-burgundy-zara-ballet-flats-eu39?referrer=catalog,Très bon état,Cuir synthétique,Bordeaux,Chaussures,35,"25,00 €","27,23 €",garcon
https://www.vinted.fr/items/8825796633-veste-zara?referrer=catalog,Neuf avec étiquette,Polyester,Gris,Manteaux et vestes,77,"32,00 €","34,30 €",garcon
https://www.vinted.fr/items/8905380008-chemise-zara?referrer=catalog,Très bon état,Coton,Rose,Hauts et t-shirts,10,"8,00 €","8,78 €",garcon
https://www.vinted.fr/items/8872670828-cardigan-zara-simple-taille-m-tres-bon-etat?referrer=catalog,Très bon état,"Coton, Polyester",Gris,Sweats et sweats à capuche,3,"6,00 €","7,00 €",garcon
https://www.vinted.fr/items/8905309779-body-kaki?referrer=catalog,Neuf sans étiquette,Polyester,Kaki,Hauts et t-shirts,8,"4,00 €","4,90 €",garcon
https://www.vinted.fr/items/8841673198-sfiziosa-gonna-corta-nera-taglia-m-brand-zara-basic?referrer=catalog,Très bon état,Polyester,"Noir, Beige",Jupes,3,"6,00 €","7,00 €",garcon
https://www.vinted.fr/items/8903934376-pull-zara?referrer=catalog,Neuf sans étiquette,,"Gris, Argenté",Sweats et sweats à capuche,17,"10,00 €","11,20 €",garcon
https://www.vinted.fr/items/8846778027-tee-shirt-top-cache-coeur-gris-fonce-zara-femme-taille-s-neuf?referrer=catalog,Neuf avec étiquette,"Polyester, Élasthanne",Gris,Hauts et t-shirts,117,"16,00 €","17,50 €",garcon
https://www.vinted.fr/items/8903714384-veste-manteau-ete?referrer=catalog,Neuf sans étiquette,"Coton, Lin",Crème,Manteaux et vestes,14,"10,00 €","11,05 €",garcon
https://www.vinted.fr/items/8847252524-zara-cotton-jacket-new-with-tags-size-l?referrer=catalog,Neuf avec étiquette,Coton,Marine,Manteaux et vestes,20,"45,00 €","48,50 €",garcon
https://www.vinted.fr/items/8897713431-jupe-tube-noire-femme-zara-basics-taille-m?referrer=catalog,Très bon état,"Polyester, Viscose, Élasthanne",Noir,Jupes,38,"5,00 €","5,70 €",garcon
https://www.vinted.fr/items/8832315959-luchtig-truitje?referrer=catalog,Neuf sans étiquette,"Polyester, Viscose",Beige,Sweats et sweats à capuche,10,"5,00 €","5,53 €",garcon
https://www.vinted.fr/items/8900535082-pull-sans-manche-bleu-jean-zara?referrer=catalog,Très bon état,Coton,"Bleu, Bleu clair",Sweats et sweats à capuche,37,"4,00 €","4,90 €",garcon
https://www.vinted.fr/items/8867603375-calcas-cargo-verde-kaki-zara?referrer=catalog,Neuf sans étiquette,"Polyester, Viscose, Élasthanne",Kaki,Pantalons et leggings,14,"25,00 €","26,95 €",garcon
https://www.vinted.fr/items/8900045622-chemise-bleue-zara?referrer=catalog,Très bon état,Coton,Bleu clair,Hauts et t-shirts,11,"15,00 €","16,45 €",garcon
https://www.vinted.fr/items/8903723420-veste-en-cuir-zara?referrer=catalog,Bon état,,Kaki,Manteaux et vestes,5,"6,00 €","7,00 €",garcon
https://www.vinted.fr/items/8883717639-zara-stiefel?referrer=catalog,Neuf avec étiquette,Cuir,Marron,Chaussures,118,"60,00 €","64,55 €",garcon
https://www.vinted.fr/items/8225449454-kapuzenshirt-von-zara?referrer=catalog,Très bon état,,"Vert, Kaki",Sweats et sweats à capuche,11,"9,00 €","9,98 €",garcon
https://www.vinted.fr/items/8902108246-combishort?referrer=catalog,Neuf sans étiquette,Coton,Bleu clair,Combinaisons et combishorts,13,"10,00 €","11,20 €",garcon
https://www.vinted.fr/items/8905439468-calcoes-low-rise-as-riscas-rosa-e-brancas-da-zara?referrer=catalog,Très bon état,Coton,"Blanc, Rose",Shorts,4,"5,00 €","5,70 €",garcon
https://www.vinted.fr/items/8897963414-khaki-linnen-broek-zara?referrer=catalog,Neuf sans étiquette,,"Kaki, Beige",Pantalons et leggings,16,"10,00 €","11,20 €",garcon
https://www.vinted.fr/items/8901706515-haut-a-bretelles-larges?referrer=catalog,Très bon état,"Polyester, Élasthanne",Rose,Hauts et t-shirts,8,"3,00 €","3,85 €",garcon
https://www.vinted.fr/items/8903447133-camicia-lino?referrer=catalog,Très bon état,,Crème,Hauts et t-shirts,35,"6,00 €","6,61 €",garcon
https://www.vinted.fr/items/8820326913-schwarze-lederstiefel?referrer=catalog,Neuf avec étiquette,Cuir,Noir,Chaussures,4,"50,00 €","53,20 €",garcon
https://www.vinted.fr/items/8904083325-haut-zara?referrer=catalog,Très bon état,"Coton, Lin, Dentelle",Crème,Hauts et t-shirts,139,"17,00 €","18,55 €",garcon
https://www.vinted.fr/items/8899052246-pantalon-a-carreaux?referrer=catalog,Très bon état,"Polyester, Viscose, Élasthanne",Menthe,Pantalons et leggings,8,"7,00 €","8,05 €",garcon
https://www.vinted.fr/items/8836561256-vestido-corto-de-zara?referrer=catalog,Neuf avec étiquette,"Polyester, Élasthanne","Noir, Marron",Robes,23,"20,00 €","21,70 €",garcon
https://www.vinted.fr/items/8884343728-pantalon-jambes-larges-noir?referrer=catalog,Très bon état,Polyester,Noir,Pantalons et leggings,17,"10,00 €","11,05 €",garcon
https://www.vinted.fr/items/8899284930-jean-troue-pour-femme?referrer=catalog,Très bon état,"Coton, Élasthanne",Bleu,Jeans,9,"6,00 €","7,00 €",garcon
https://www.vinted.fr/items/8899415067-veste-en-cuir-zara?referrer=catalog,Très bon état,"Cuir, Cuir synthétique","Kaki, Vert",Manteaux et vestes,49,"35,00 €","37,45 €",garcon
https://www.vinted.fr/items/8904380536-ensemble-blanc?referrer=catalog,Très bon état,"Coton, Polyester",Blanc,Vêtements de sport,29,"11,00 €","12,04 €",garcon
https://www.vinted.fr/items/8887297596-belles-bottines-zara?referrer=catalog,Très bon état,,Noir,Chaussures,3,"20,00 €","21,80 €",garcon
https://www.vinted.fr/items/8891622086-mules-zara?referrer=catalog,Neuf avec étiquette,Cuir,"Marron, Bordeaux",Chaussures,42,"35,00 €","38,08 €",garcon
https://www.vinted.fr/items/8901608637-gilet-zara?referrer=catalog,Très bon état,Polyester,"Fuchsia, Rose",Sweats et sweats à capuche,9,"9,00 €","10,15 €",garcon
https://www.vinted.fr/items/8898163607-pull-fin?referrer=catalog,Très bon état,"Polyester, Viscose, Nylon",Bleu,Sweats et sweats à capuche,6,"3,00 €","3,56 €",garcon
https://www.vinted.fr/items/8890812987-pantalon-elegant-bleu-ciel?referrer=catalog,Très bon état,"Polyester, Viscose",Bleu clair,Pantalons et leggings,27,"6,00 €","6,77 €",garcon
https://www.vinted.fr/items/8889312463-veste-sans-manches-zara-brodee-bleu-ecru-style-boheme-folk-coton-tm?referrer=catalog,Très bon état,Coton,"Bleu, Crème",Manteaux et vestes,41,"24,00 €","25,90 €",garcon
https://www.vinted.fr/items/8893253158-cinto-senhora?referrer=catalog,Neuf avec étiquette,Polyester,Marron,Accessoires,24,"5,00 €","5,70 €",garcon
https://www.vinted.fr/items/8858589568-robe-inspiration-zimmermann?referrer=catalog,Neuf avec étiquette,,"Lila, Bleu clair",Robes,156,"60,00 €","63,70 €",garcon
https://www.vinted.fr/items/8824765079-magliette-zara-a-coste-arancioni-e-dettagli-voilant?referrer=catalog,Très bon état,,Orange,Hauts et t-shirts,8,"8,50 €","9,63 €",garcon
https://www.vinted.fr/items/8903950368-mocassins-cuir?referrer=catalog,Neuf sans étiquette,,Marron,Chaussures,51,"15,00 €","16,38 €",garcon
https://www.vinted.fr/items/8886985184-kanten-avond-jurk-van-zara?referrer=catalog,Neuf avec étiquette,Polyester,Crème,Lingerie et pyjamas,30,"15,00 €","16,45 €",garcon
https://www.vinted.fr/items/8902971894-robe-ou-tunique-zara-taille-xl-neuve?referrer=catalog,Neuf avec étiquette,Polyester,"Bleu clair, Crème",Robes,7,"18,00 €","19,60 €",garcon
https://www.vinted.fr/items/8826698903-zara-kleid-schulterfrei?referrer=catalog,Très bon état,Lin,Bordeaux,Robes,28,"26,00 €","28,00 €",garcon
https://www.vinted.fr/items/8831810334-zara-cardigan?referrer=catalog,Très bon état,Coton,Multicolore,Sweats et sweats à capuche,,"20,00 €","21,80 €",garcon
https://www.vinted.fr/items/8838076627-linnen-bloes-met-uniek-detail-van-zara?referrer=catalog,Très bon état,Lin,Crème,Hauts et t-shirts,13,"12,00 €","13,12 €",garcon
https://www.vinted.fr/items/8857181371-vestido-de-lino-de-zara-con-cremallera?referrer=catalog,Neuf avec étiquette,Lin,Rouge,Robes,41,"17,00 €","18,55 €",garcon
https://www.vinted.fr/items/8823914909-midikleid-von-zara-mit-schonem-blumenmuster?referrer=catalog,Très bon état,Coton,Multicolore,Robes,12,"25,00 €","27,10 €",garcon
https://www.vinted.fr/items/8841028086-veste-noire-en-lin-zara-s-neuve?referrer=catalog,Neuf avec étiquette,,Noir,Manteaux et vestes,4,"35,00 €","37,45 €",garcon
https://www.vinted.fr/items/8903490544-2-pantalons-fluides?referrer=catalog,Très bon état,Polyester,"Rose, Bleu clair",Pantalons et leggings,14,"6,00 €","7,00 €",garcon
https://www.vinted.fr/items/8883136431-bottes-plates-en-croute-de-cuir-avec-doublure-interieur?referrer=catalog,Neuf avec étiquette,"Cuir, Daim","Beige, Abricot",Chaussures,13,"79,99 €","84,69 €",garcon
https://www.vinted.fr/items/8902253524-zara-mariniere-femme-rouge-taille-s?referrer=catalog,Très bon état,Coton,Rouge,Hauts et t-shirts,33,"3,00 €","3,85 €",garcon
https://www.vinted.fr/items/8882385328-jeans-skinny-zara?referrer=catalog,Très bon état,Coton,Bleu,Jeans,16,"3,00 €","3,56 €",garcon
https://www.vinted.fr/items/8854221680-zara-sommer-loafer-wildleder-hellbraun-ocker-gr-42?referrer=catalog,Neuf avec étiquette,"Cuir, Daim","Moutarde, Marron",Chaussures,54,"30,00 €","32,20 €",garcon
https://www.vinted.fr/items/8905317311-t-shirt-zara?referrer=catalog,Très bon état,Coton,Noir,Hauts et t-shirts,8,"8,00 €","8,78 €",garcon
https://www.vinted.fr/items/8905372048-sabrinas-douradas-entrancadas-zara?referrer=catalog,Neuf sans étiquette,Cuir,Doré,Chaussures,10,"15,00 €","16,38 €",garcon
https://www.vinted.fr/items/8831297153-pantalon-zara-lino-tejidos-naturales-beige-nuevo-con-etiquetas-magnifico?referrer=catalog,Neuf avec étiquette,"Viscose, Lin",Beige,Pantalons et leggings,14,"28,00 €","30,10 €",garcon
https://www.vinted.fr/items/8905369036-robe-verte-zara?referrer=catalog,Très bon état,Coton,Vert foncé,Robes,6,"8,00 €","8,78 €",garcon
https://www.vinted.fr/items/8810700200-mocassins-zara-x-adererror-cuir-noir-edition-limitee-neufs-t39?referrer=catalog,Neuf avec étiquette,Cuir,"Noir, Bleu",Chaussures,31,"175,00 €","184,45 €",garcon
https://www.vinted.fr/items/8855688783-zara-leer-jas-zwart-s?referrer=catalog,Très bon état,Cuir synthétique,Noir,Manteaux et vestes,18,"24,00 €","26,03 €",garcon
https://www.vinted.fr/items/8891349433-zara-brown-leather-jacket?referrer=catalog,Très bon état,,Marron,Manteaux et vestes,27,"30,00 €","32,20 €",garcon
https://www.vinted.fr/items/8905353673-top-noir-zara?referrer=catalog,Très bon état,Polyester,Noir,Hauts et t-shirts,51,"15,00 €","16,38 €",garcon
https://www.vinted.fr/items/8896846452-sandales-beiges-t42-zara-neuves-avec-etiquette?referrer=catalog,Neuf avec étiquette,"Cuir, Daim",Beige,Chaussures,37,"39,00 €","41,65 €",garcon
https://www.vinted.fr/items/8832981129-trench-long-femme-beige-zara-taille-m-tres-bon-etat?referrer=catalog,Très bon état,"Coton, Polyester, Nylon",Beige,Manteaux et vestes,27,"12,00 €","13,12 €",garcon
https://www.vinted.fr/items/8903415699-gilet-dos-nu-zara?referrer=catalog,Neuf sans étiquette,"Coton, Élasthanne",Beige,Hauts et t-shirts,21,"10,00 €","11,20 €",garcon
https://www.vinted.fr/items/8841303595-wildleder-blazer-jacke-von-zara?referrer=catalog,Très bon état,Daim,Marron,Blazers et tailleurs,20,"100,00 €","107,35 €",garcon
https://www.vinted.fr/items/8859466463-robe-imprimee-zara?referrer=catalog,Neuf sans étiquette,Viscose,"Multicolore, Blanc",Robes,34,"24,00 €","25,90 €",garcon
https://www.vinted.fr/items/8899306282-pantalon?referrer=catalog,Très bon état,"Polyester, Viscose",Bleu clair,Pantalons et leggings,11,"7,00 €","7,70 €",garcon
https://www.vinted.fr/items/8903183394-veste-zara-txl?referrer=catalog,Bon état,"Coton, Polyester, Laine",Noir,Blazers et tailleurs,9,"5,00 €","5,70 €",garcon
https://www.vinted.fr/items/8842433136-decollete-nere?referrer=catalog,Très bon état,Cuir,Noir,Chaussures,41,"18,00 €","19,61 €",garcon
https://www.vinted.fr/items/8901194050-chemise-crop-a-lignes?referrer=catalog,Très bon état,Coton,"Bleu, Blanc",Hauts et t-shirts,19,"6,00 €","7,00 €",garcon
https://www.vinted.fr/items/8905086248-debardeur-col-v-femme-blanc-zara?referrer=catalog,Très bon état,Coton,Blanc,Hauts et t-shirts,16,"4,00 €","4,90 €",garcon
https://www.vinted.fr/items/8900438923-zara-zweiteiler-set-m?referrer=catalog,Neuf sans étiquette,,"Blanc, Crème",Combinaisons et combishorts,12,"50,00 €","53,20 €",garcon
https://www.vinted.fr/items/8900747964-pantalon-zara?referrer=catalog,Très bon état,"Polyester, Élasthanne",Beige,Pantalons et leggings,53,"10,00 €","10,95 €",garcon
https://www.vinted.fr/items/8904656256-pull-manche-courte-zara-marrons-taille-s?referrer=catalog,Neuf sans étiquette,Coton,Marron,Sweats et sweats à capuche,41,"15,00 €","16,45 €",garcon
https://www.vinted.fr/items/8903836657-top-bretelle-reglable-zara-satine-fushia-rose-violet-effet?referrer=catalog,Neuf sans étiquette,"Polyester, Soie, Élasthanne","Violet, Fuchsia",Hauts et t-shirts,11,"5,00 €","5,95 €",garcon
https://www.vinted.fr/items/8901677366-body-zara-blanc?referrer=catalog,Très bon état,"Coton, Élasthanne",Blanc,Hauts et t-shirts,12,"5,00 €","5,70 €",garcon
