nom,url,couleur,matiere,prix,collection,categorie
robe mi-longue fluide,https://www.zara.com/fr/fr/robe-midi-fluide-p04772370.html,rose/violet,fibre artificielle,25.99,femme,robes
sandales à brides et décor métallique,https://www.zara.com/fr/fr/sandales-a-brides-et-decor-metallique-p12627710.html,marron,fibre synthétique,39.95,femme,chaussures
combi-short lyocell,https://www.zara.com/fr/fr/combinaison-courte-en-lyocell-p06929485.html,noir/gris,fibre artificielle,35.95,femme,combinaisons et combishorts
jean trf loose folded taille basse à rayures,https://www.zara.com/fr/fr/jean-trf-loose-folded-taille-basse-a-rayures-p08727114.html,autre,fibre naturelle végétale,35.95,femme,jeans
robe fluide à encolure américaine,https://www.zara.com/fr/fr/robe-fluide-a-encolure-americaine-p02180312.html,vert,fibre artificielle,35.95,femme,robes
veste croisée,https://www.zara.com/fr/fr/veste-croisee-p04387204.html,rouge,fibre artificielle,32.95,femme,manteaux et vestes
lot de 3 bracelets bois et résine,https://www.zara.com/fr/fr/lot-de-3-bracelets-bois-et-resine-p07243005.html,motif/multicolore,autre,19.95,femme,autres
sandales à talons imprimées,https://www.zara.com/fr/fr/sandales-a-talons-imprimees-p13808810.html,motif/multicolore,fibre synthétique,32.95,femme,chaussures
short fluide avec boutons,https://www.zara.com/fr/fr/short-fluide-a-boutons-p06929421.html,rose/violet,fibre artificielle,22.95,femme,shorts
t-shirt texte brillant effet délavé,https://www.zara.com/fr/fr/t-shirt-texte-brillant-effet-delave-p06050078.html,noir/gris,fibre naturelle végétale,19.95,femme,hauts et t-shirts
veste à rayures 100% lin,https://www.zara.com/fr/fr/veste-a-rayures-100-lin-p02775647.html,marron,fibre naturelle végétale,45.95,femme,manteaux et vestes
pantalon droit à rayures,https://www.zara.com/fr/fr/pantalon-droit-a-rayures-p02768116.html,motif/multicolore,fibre naturelle végétale,39.95,femme,pantalons et leggings
chemise cintree froncee,https://www.zara.com/fr/fr/chemise-cintree-froncee-p04661097.html,motif/multicolore,fibre naturelle végétale,25.95,femme,hauts et t-shirts
chemise fluide à manches courtes,https://www.zara.com/fr/fr/chemise-fluide-a-manches-courtes-p02906210.html,rose/violet,fibre artificielle,25.95,femme,hauts et t-shirts
blouson ajusté à brandebourgs,https://www.zara.com/fr/fr/veste-cintree-a-brandebourgs-p04341764.html,blanc/beige,fibre naturelle végétale,59.95,femme,manteaux et vestes
top à boutons et lin,https://www.zara.com/fr/fr/top-a-boutons-et-lin-p04174341.html,motif/multicolore,fibre naturelle végétale,15.95,femme,hauts et t-shirts
top en georgette à encolure américaine et à pois,https://www.zara.com/fr/fr/top-georgette-a-encolure-americaine-p04661038.html,motif/multicolore,fibre synthétique,22.95,femme,hauts et t-shirts
top fluide col en v,https://www.zara.com/fr/fr/top-fluide-col-en-v-p01165004.html,autre,fibre synthétique,22.95,femme,hauts et t-shirts
chemise oversize en coton,https://www.zara.com/fr/fr/chemise-oversize-en-coton-p04387052.html,bleu,fibre naturelle végétale,22.95,femme,hauts et t-shirts
robe courte halter fluide,https://www.zara.com/fr/fr/robe-courte-halter-fluide-p06929386.html,noir/gris,fibre artificielle,29.95,femme,robes
jupe asymétrique fluide,https://www.zara.com/fr/fr/jupe-asymetrique-fluide-p01165021.html,marron,fibre synthétique,29.95,femme,jupes
short mini denim trf étoiles,https://www.zara.com/fr/fr/short-mini-denim-trf-etoiles-p06929004.html,bleu,fibre naturelle végétale,29.95,femme,shorts
chemise fluide à manches courtes,https://www.zara.com/fr/fr/chemise-fluide-a-manches-courtes-p06929068.html,bleu,fibre artificielle,29.95,femme,hauts et t-shirts
pantalon à rayures 100 % lin,https://www.zara.com/fr/fr/pantalon-a-rayures-100-lin-p02444647.html,marron,fibre naturelle végétale,39.95,femme,pantalons et leggings
bonnet lisse calotte,https://www.zara.com/fr/fr/bonnet-lisse-calot-p00653020.html,blanc/beige,fibre artificielle,25.95,femme,accessoires
short évasé en satin,https://www.zara.com/fr/fr/short-evase-en-satin-p01255472.html,motif/multicolore,fibre synthétique,25.95,femme,shorts
pantalon fluide large,https://www.zara.com/fr/fr/pantalon-fluide-large-p04387104.html,rouge,fibre artificielle,32.95,femme,pantalons et leggings
pantalon fluide à cordons,https://www.zara.com/fr/fr/pantalon-fluide-a-cordons-p06929019.html,bleu,fibre artificielle,29.95,femme,pantalons et leggings
sandales plates en daim à boucle,https://www.zara.com/fr/fr/sandales-plates-en-daim-a-boucle-p13646710.html,marron,cuir,35.95,femme,chaussures
bonnet calot tressé,https://www.zara.com/fr/fr/bonnet-calot-tresse-p01023203.html,marron,fibre synthétique,17.95,femme,accessoires
robe courte en maille à rayures,https://www.zara.com/fr/fr/robe-courte-en-maille-a-rayures-p06771038.html,motif/multicolore,fibre synthétique,29.95,femme,robes
lunettes de soleil rectangulaires,https://www.zara.com/fr/fr/lunettes-de-soleil-rectangulaires-p02750301.html,rouge,fibre artificielle,59.95,homme,accessoires
blazer regular fit en daim,https://www.zara.com/fr/fr/blazer-regular-fit-en-daim-p02521169.html,marron,cuir,199.0,homme,blazers et tailleurs
sac shopper en tissu,https://www.zara.com/fr/fr/sac-shopper-en-tissu-p13352720.html,blanc/beige,fibre naturelle végétale,29.95,homme,sacs
t-shirt imprimé contrastant avec pièce,https://www.zara.com/fr/fr/t-shirt-imprime-contraste-a-piece-p06224203.html,bleu,fibre naturelle végétale,22.95,homme,hauts et t-shirts
pantalon à plis de costume 100 % lin,https://www.zara.com/fr/fr/pantalon-plisse-de-costume-100-lin-p04504783.html,blanc/beige,fibre naturelle végétale,59.95,homme,pantalons et leggings
lunettes de soleil œil-de-chat,https://www.zara.com/fr/fr/lunettes-de-soleil--il-de-chat-p02727301.html,noir/gris,fibre artificielle,59.95,homme,accessoires
lunettes de soleil rectangulaires,https://www.zara.com/fr/fr/lunettes-de-soleil-rectangulaires-p02750300.html,motif/multicolore,fibre artificielle,59.95,homme,accessoires
blouson technique relaxed fit,https://www.zara.com/fr/fr/blouson-technique-relaxed-fit-p01437441.html,autre,fibre synthétique,59.95,homme,manteaux et vestes
chemise à carreaux brodée contrastée,https://www.zara.com/fr/fr/chemise-a-carreaux-broderie-contraste-p07446424.html,motif/multicolore,fibre naturelle végétale,35.95,homme,hauts et t-shirts
jort en denim à ceinture,https://www.zara.com/fr/fr/jorts-en-denim-a-ceinture-p01416477.html,marron,fibre naturelle végétale,49.95,homme,shorts
mocassins en cuir avec masque,https://www.zara.com/fr/fr/mocassins-en-cuir-avec-masque-p12678720.html,noir/gris,cuir,59.95,homme,chaussures
sac bandoulière en cuir,https://www.zara.com/fr/fr/sac-bandouliere-en-cuir-p13622720.html,noir/gris,cuir,49.95,homme,sacs
polo technique à zip,https://www.zara.com/fr/fr/polo-technique-a-zip-p06861692.html,autre,fibre synthétique,35.95,homme,hauts et t-shirts
sac bandoulière unie,https://www.zara.com/fr/fr/sac-bandouliere-unie-p13623720.html,marron,fibre synthétique,35.95,homme,sacs
espadrille en cuir,https://www.zara.com/fr/fr/espadrille-en-cuir-p12760720.html,marron,cuir,55.95,homme,chaussures
sweat piqué col zippé,https://www.zara.com/fr/fr/sweat-pique-col-zippe-p04092342.html,bleu,fibre naturelle végétale,35.95,homme,sweats et sweats à capuche
bandana à imprimé géométrique graphique,https://www.zara.com/fr/fr/bandana-a-imprime-geometrique-graphique-p03921414.html,bleu,fibre naturelle végétale,15.95,homme,accessoires
chemise fluide à imprimé fleuri,https://www.zara.com/fr/fr/chemise-fluide-a-imprime-fleuri-p04138217.html,bleu,fibre artificielle,45.95,homme,hauts et t-shirts
chemise smoking à poignets mousquetaires,https://www.zara.com/fr/fr/chemise-smoking-a-poignets-mousquetaires-p04619270.html,blanc/beige,fibre naturelle végétale,39.95,homme,hauts et t-shirts
pantalon relaxed straight fit à rayures,https://www.zara.com/fr/fr/pantalon-relaxed-straight-fit-a-rayures-p04575407.html,motif/multicolore,fibre naturelle végétale,49.95,homme,pantalons et leggings
veste en denim avec brandenbourgs et boutons,https://www.zara.com/fr/fr/veste-en-denim-avec-brandenbourgs-et-boutons-p06688420.html,noir/gris,fibre naturelle végétale,89.95,homme,manteaux et vestes
blouson délavé coupe décontractée,https://www.zara.com/fr/fr/blouson-d%c3%a9lav%c3%a9-coupe-relax-p04575402.html,bleu,fibre naturelle végétale,49.95,homme,manteaux et vestes
chemise à carreaux lin et coton,https://www.zara.com/fr/fr/chemise-a-carreaux-lin-et-coton-p05588847.html,noir/gris,fibre naturelle végétale,39.95,homme,hauts et t-shirts
veste de costume à boutonnage croisé 100% lin chevron,https://www.zara.com/fr/fr/veste-croisee-costume-chevron-100-lin-p04743764.html,bleu,fibre naturelle végétale,139.0,homme,manteaux et vestes
bermuda fluide douce à plis,https://www.zara.com/fr/fr/bermuda-fluide-douce-a-plis-p04242302.html,bleu,fibre artificielle,35.95,homme,shorts
lunettes de soleil ovales,https://www.zara.com/fr/fr/lunettes-de-soleil-ovales-p02727302.html,vert,fibre artificielle,59.95,homme,accessoires
chemise en maille regular fit,https://www.zara.com/fr/fr/chemise-en-maille-regular-fit-p06674437.html,vert,autre,39.95,homme,hauts et t-shirts
veste de costume relaxed fit 100% lin,https://www.zara.com/fr/fr/blazer-relaxed-fit-costume-100-lin-p04503783.html,blanc/beige,fibre naturelle végétale,119.0,homme,manteaux et vestes
pantalon regular fit de smoking à bandes,https://www.zara.com/fr/fr/pantalon-regular-fit-de-smoking-a-bandes-p04617350.html,noir/gris,fibre synthétique,59.95,homme,pantalons et leggings
lunettes de soleil rectangulaires,https://www.zara.com/fr/fr/lunettes-de-soleil-rectangulaires-p02750302.html,autre,fibre artificielle,59.95,homme,accessoires
ceinture en cuir effet vintage,https://www.zara.com/fr/fr/ceinture-en-cuir-effet-vintage-p05919405.html,noir/gris,cuir,35.95,homme,accessoires
pantalon chino straight fit délavé,https://www.zara.com/fr/fr/pantalon-chino-straight-fit-delave-p01063423.html,bleu,fibre naturelle végétale,49.95,homme,pantalons et leggings
polo structuré en piqué,https://www.zara.com/fr/fr/polo-structure-en-pique-p00526446.html,blanc/beige,fibre naturelle végétale,29.95,homme,hauts et t-shirts
pantalon coupe décontractée à plis,https://www.zara.com/fr/fr/pantalon-coupe-decontractee-a-plis-p05862111.html,blanc/beige,fibre naturelle végétale,59.95,homme,pantalons et leggings
t-shirt en jacquard à rayures,https://www.zara.com/fr/fr/t-shirt-jacquard-a-rayures-p00526304.html,bleu,fibre naturelle végétale,29.95,homme,hauts et t-shirts
chemise relaxed fit 100% lin poches plis,https://www.zara.com/fr/fr/chemise-relaxed-fit-100-lin-poches-plis-p01195385.html,motif/multicolore,fibre naturelle végétale,39.95,homme,hauts et t-shirts
chemise col smoking,https://www.zara.com/fr/fr/chemise-col-smoking-p04618270.html,blanc/beige,fibre naturelle végétale,39.95,homme,hauts et t-shirts
veste à rayures 100 % lin,https://www.zara.com/fr/fr/veste-a-rayures-100%c2%a0-lin-p03077878.html,bleu,fibre naturelle végétale,99.95,homme,manteaux et vestes
chemise regular fit 100% lin,https://www.zara.com/fr/fr/chemise-regular-fit-100-lin-p04610303.html,motif/multicolore,fibre naturelle végétale,39.95,homme,hauts et t-shirts
chemise à rayures et imprimé citrons,https://www.zara.com/fr/fr/chemise-a-rayures-et-imprime-citrons-p01195480.html,jaune/orange,fibre naturelle végétale,35.95,homme,hauts et t-shirts
pantalon coupe décontractée en viscose et chanvre,https://www.zara.com/fr/fr/pantalon-coupe-decontractee-viscose-chanvre-p04673742.html,blanc/beige,fibre artificielle,49.95,homme,pantalons et leggings
lunettes de soleil ovales,https://www.zara.com/fr/fr/lunettes-de-soleil-ovales-p02907411.html,marron,autre,59.95,homme,accessoires
polo piqué regular fit,https://www.zara.com/fr/fr/polo-pique-regular-fit-p00526302.html,bleu,fibre naturelle végétale,29.95,homme,hauts et t-shirts
pantalon relaxed fit viscose lin ceinture,https://www.zara.com/fr/fr/pantalon-relaxed-fit-viscose---lin-ceinture-p04391451.html,noir/gris,fibre artificielle,49.95,homme,pantalons et leggings
chemise relaxed fit à imprimé géométrique,https://www.zara.com/fr/fr/chemise-relaxed-fit-a-imprime-geometrique-p04136216.html,rouge,fibre naturelle végétale,35.95,homme,hauts et t-shirts
chemise relaxed fit viscose - chanvre,https://www.zara.com/fr/fr/chemise-relaxed-fit-viscose---chanvre-p04670742.html,blanc/beige,fibre artificielle,39.95,homme,hauts et t-shirts
surchemise à pièces étoiles,https://www.zara.com/fr/fr/surchemise-a-pieces-etoiles-p07446455.html,bleu,fibre naturelle végétale,69.95,homme,manteaux et vestes
chemise regular fit 100% lin,https://www.zara.com/fr/fr/chemise-regular-fit-100-lin-p04611303.html,marron,fibre naturelle végétale,39.95,homme,hauts et t-shirts
pantalon regular fit viscose - coton,https://www.zara.com/fr/fr/pantalon-regular-fit-viscose---coton-p06861002.html,blanc/beige,fibre artificielle,59.95,homme,pantalons et leggings
chaussettes cannelées,https://www.zara.com/fr/fr/chaussettes-cannelees-p03992489.html,jaune/orange,fibre naturelle végétale,7.95,homme,accessoires
débardeur en maille imprimé lavé,https://www.zara.com/fr/fr/debardeur-en-maille-imprime-delave-p04805447.html,noir/gris,fibre naturelle végétale,22.95,homme,hauts et t-shirts
t-shirt regular fit jacquard à rayures,https://www.zara.com/fr/fr/t-shirt-regular-fit-jacquard-a-rayures-p00526311.html,motif/multicolore,fibre naturelle végétale,22.95,homme,hauts et t-shirts
blazer smoking à revers châle,https://www.zara.com/fr/fr/veste-de-smoking-a-revers-chale-p04616350.html,noir/gris,fibre synthétique,119.0,homme,blazers et tailleurs
pantalon relaxed fit viscose - lin ceinture,https://www.zara.com/fr/fr/pantalon-relaxed-fit-viscose-lin-ceinture-p04391452.html,autre,fibre artificielle,49.95,homme,pantalons et leggings
lunettes de soleil métalliques carrées,https://www.zara.com/fr/fr/lunettes-de-soleil-metalliques-carrees-p02907302.html,noir/gris,autre,59.95,homme,accessoires
chemise à carreaux lin et coton,https://www.zara.com/fr/fr/chemise-%c3%a0-carreaux-lin-et-coton-p05588847.html,noir/gris,fibre naturelle végétale,39.95,homme,hauts et t-shirts
bermuda regular fit à plis,https://www.zara.com/fr/fr/bermuda-regular-fit-plis-p06786007.html,blanc/beige,fibre naturelle végétale,35.95,homme,shorts
ceinture en soie pour smoking,https://www.zara.com/fr/fr/ceinture-en-soie-pour-smoking-p09569426.html,noir/gris,fibre naturelle animale,35.95,homme,accessoires
pantalon regular fit à plis smoking,https://www.zara.com/fr/fr/pantalon-regular-fit-plis-smoking-p04415978.html,noir/gris,fibre naturelle animale,59.95,homme,pantalons et leggings
chemise relaxed fit texte pièces,https://www.zara.com/fr/fr/chemise-relaxed-fit-a-pieces-et-texte-p05644433.html,autre,fibre naturelle végétale,35.95,homme,hauts et t-shirts
lunettes de soleil métalliques ovales,https://www.zara.com/fr/fr/lunettes-de-soleil-m%c3%a9talliques-ovales-p02907300.html,noir/gris,autre,59.95,homme,accessoires
chemise relaxed fit à imprimé patchwork,https://www.zara.com/fr/fr/chemise-relaxed-fit-imprime-patchwork-p04139217.html,motif/multicolore,fibre artificielle,45.95,homme,hauts et t-shirts
bermuda en jean relaxed fit plisse,https://www.zara.com/fr/fr/bermuda-denim-relaxed-fit-a-plis-p03991478.html,bleu,fibre naturelle végétale,49.95,homme,shorts
blouson délavé coupe décontractée,https://www.zara.com/fr/fr/blouson-delave-coupe-relax-p04575402.html,bleu,fibre naturelle végétale,49.95,homme,manteaux et vestes
sandales style pêcheur en cuir,https://www.zara.com/fr/fr/sandales-style-pecheur-en-cuir-p12465720.html,blanc/beige,cuir,59.95,homme,chaussures
t-shirt relaxed fit à imprimé graphique,https://www.zara.com/fr/fr/t-shirt-relaxed-fit-graphique-a-carreaux-p06224867.html,rouge,fibre naturelle végétale,22.95,homme,hauts et t-shirts
bandana à imprimé paisley,https://www.zara.com/fr/fr/bandana-a-imprime-paisley-p03920465.html,bleu,fibre naturelle végétale,15.95,homme,accessoires
chemise fluide soft,https://www.zara.com/fr/fr/chemise-fluide-soft-p04241302.html,bleu,fibre artificielle,39.95,homme,hauts et t-shirts
chemise regular fit 100% lin,https://www.zara.com/fr/fr/chemise-regular-fit-100%c2%a0-lin-p00706333.html,blanc/beige,fibre naturelle végétale,39.95,homme,hauts et t-shirts
sac bandoulière en cuir,https://www.zara.com/fr/fr/sac-bandouliere-en-cuir-p13603720.html,vert,cuir,35.95,homme,sacs
surchemise relaxed fit zippée,https://www.zara.com/fr/fr/surchemise-relaxed-fit-a-fermeture-eclair-p07446414.html,bleu,fibre naturelle végétale,35.95,homme,manteaux et vestes
bermuda baggy fit à boutons,https://www.zara.com/fr/fr/short-coupe-baggy-a-boutons-p07147431.html,autre,fibre naturelle végétale,35.95,homme,shorts
jean droit contraste,https://www.zara.com/fr/fr/jean-droit-contraste-p05585406.html,motif/multicolore,fibre naturelle végétale,49.95,homme,jeans
collier fantaisie pierre,https://www.zara.com/fr/fr/collier-fantaisie-pierre-p05502422.html,motif/multicolore,autre,22.95,homme,accessoires
pantalon de costume chevron 100% lin,https://www.zara.com/fr/fr/pantalon-de-costume-chevrons-100-lin-p06229764.html,bleu,fibre naturelle végétale,69.95,homme,pantalons et leggings
sac shopper tressé,https://www.zara.com/fr/fr/sac-shopper-tress%c3%a9-p13350720.html,marron,autre,35.95,homme,sacs
veste en jean à fermeture éclair,https://www.zara.com/fr/fr/blouson-en-jean-a-fermeture-eclair-p03991489.html,bleu,fibre naturelle végétale,59.95,homme,manteaux et vestes
ceinture en cuir tressé,https://www.zara.com/fr/fr/ceinture-en-cuir-tresse-p02823406.html,noir/gris,cuir,35.95,homme,accessoires
pantalon cargo parachute délavé,https://www.zara.com/fr/fr/pantalon-cargo-parachute-delave-p03918403.html,noir/gris,fibre naturelle végétale,49.95,homme,pantalons et leggings
sabots en cuir,https://www.zara.com/fr/fr/sabots-en-cuir-p12770620.html,vert,cuir,49.95,homme,chaussures
baskets style rétro,https://www.zara.com/fr/fr/basket-style-retro-p12345720.html,motif/multicolore,fibre synthétique,39.95,homme,chaussures
lunettes de soleil œil-de-chat,https://www.zara.com/fr/fr/lunettes-de-soleil-%c5%93il-de-chat-p02727301.html,noir/gris,fibre artificielle,59.95,homme,accessoires
t-shirt relaxed fit à imprimé graphique,https://www.zara.com/fr/fr/t-shirt-relaxed-fit-a-imprime-graphique-p04805458.html,blanc/beige,fibre naturelle végétale,22.95,homme,hauts et t-shirts
frisbee graphique imprimé,https://www.zara.com/fr/fr/frisbee-graphique-imprime-p06452400.html,rouge,fibre synthétique,22.95,homme,autres
chapeau bob bord large,https://www.zara.com/fr/fr/chapeau-bob-a-bord-large-p04988408.html,vert,fibre naturelle végétale,22.95,homme,accessoires
ceinture en cuir surpiquée,https://www.zara.com/fr/fr/ceinture-en-cuir-surpiquee-p06399402.html,noir/gris,cuir,35.95,homme,accessoires
veste regular fit à poches,https://www.zara.com/fr/fr/veste-regular-fit-a-poches-p06786078.html,blanc/beige,fibre naturelle végétale,59.95,homme,manteaux et vestes
mocassins en cuir à masque,https://www.zara.com/fr/fr/mocassins-en-cuir-a-masque-p12662720.html,marron,cuir,99.95,homme,chaussures
pull regular fit 100% lin,https://www.zara.com/fr/fr/pull-regular-fit-100-lin-p02893445.html,motif/multicolore,fibre naturelle végétale,69.95,homme,hauts et t-shirts
chemise fluide à nœud,https://www.zara.com/fr/fr/chemise-fluide-a-n-ud-p05588450.html,blanc/beige,fibre artificielle,39.95,homme,hauts et t-shirts
t-shirt en maille délavé imprimés,https://www.zara.com/fr/fr/t-shirt-en-maille-lavee-imprimes-p04805470.html,noir/gris,fibre naturelle végétale,25.95,homme,hauts et t-shirts
chemise structurée oxford,https://www.zara.com/fr/fr/chemise-structuree-oxford-p03277400.html,motif/multicolore,fibre naturelle végétale,29.95,homme,hauts et t-shirts
maillot de bain deux pièces brillant 6-14 ans,https://www.zara.com/fr/fr/6-14-ans--bikini-brillant-p01492640.html,bleu,fibre synthétique,19.95,fille,maillots de bain
ensemble t-shirt et bermuda à rayures,https://www.zara.com/fr/fr/ensemble-t-shirt-et-bermuda-a-rayures-p09144607.html,bleu,fibre synthétique,17.95,fille,costumes et tenues particulières
ballerines sport barefoot,https://www.zara.com/fr/fr/ballerines-sport-barefoot-p12331730.html,blanc/beige,fibre synthétique,35.95,fille,chaussures
pantalon en molleton wide leg penn ©,https://www.zara.com/fr/fr/pantalon-wide-leg-en-molleton-penn---p09000002.html,motif/multicolore,fibre naturelle végétale,22.95,fille,pantalons et leggings
short à rayures penn ©,https://www.zara.com/fr/fr/short-a-rayures-penn---p06345850.html,bleu,fibre naturelle végétale,19.95,fille,shorts
top halter fantaisie,https://www.zara.com/fr/fr/top-halter-fantaisie-p03641601.html,jaune/orange,fibre naturelle végétale,7.95,fille,hauts et t-shirts
lot de deux colliers fantaisie et coquillages,https://www.zara.com/fr/fr/lot-de-deux-colliers-avec-fantasie-et-coquillages-p07243585.html,bleu,autre,7.95,fille,autres
jupe à plis plats penn ©,https://www.zara.com/fr/fr/jupe-a-plis-plats-penn---p05987619.html,bleu,fibre artificielle,22.95,fille,jupes
top polo à rayures penn ©,https://www.zara.com/fr/fr/top-polo-a-rayures-penn---p05987618.html,bleu,fibre artificielle,22.95,fille,hauts et t-shirts
baskets de sport combinées,https://www.zara.com/fr/fr/baskets-de-sport-combinees-p14330730.html,bleu,fibre synthétique,29.95,fille,chaussures
polo brodé penn ©,https://www.zara.com/fr/fr/polo-brode-penn---p05871704.html,vert,fibre naturelle végétale,14.95,fille,hauts et t-shirts
maillot de bain fleur hibiscus 2-6 ans,https://www.zara.com/fr/fr/2-6-ans--maillot-de-bain-fleur-hibiscus-p05644438.html,rose/violet,fibre synthétique,15.95,fille,maillots de bain
sandales de bain cœur,https://www.zara.com/fr/fr/sandales-de-bain-c-ur-p12701830.html,rose/violet,autre,15.95,fille,chaussures
salopette courte à rayures penn ©,https://www.zara.com/fr/fr/salopette-courte-a-rayures-penn---p04551647.html,motif/multicolore,fibre naturelle végétale,29.95,fille,combinaisons et combishorts
sweat penn ©,https://www.zara.com/fr/fr/sweat-penn---p05871674.html,noir/gris,fibre naturelle végétale,25.95,fille,sweats et sweats à capuche
blouson léger déperlant penn ©,https://www.zara.com/fr/fr/blouson-leger-deperlant-penn---p05644954.html,bleu,fibre synthétique,45.95,fille,manteaux et vestes
short effet serviette penn ©,https://www.zara.com/fr/fr/bermuda-effet-serviette-penn---p09000004.html,vert,fibre naturelle végétale,17.95,fille,shorts
tennis en cuir,https://www.zara.com/fr/fr/tennis-en-cuir-p14438730.html,blanc/beige,cuir,39.95,fille,chaussures
maillot de bain à rayures 6-14 ans,https://www.zara.com/fr/fr/maillot-de-bain-a-rayures-6-14-ans-p04354632.html,motif/multicolore,fibre synthétique,17.95,fille,maillots de bain
pantalon large schiffly,https://www.zara.com/fr/fr/pantalon-large-schiffly-p04786780.html,vert,fibre naturelle végétale,25.95,fille,pantalons et leggings
top polo torsadé penn ©,https://www.zara.com/fr/fr/top-polo-a-motifs-torsades-penn---p02756622.html,rose/violet,fibre naturelle végétale,22.95,fille,hauts et t-shirts
paréo hibiscus et fantaisies,https://www.zara.com/fr/fr/pareo-hibiscus-et-fantaisies-p01821649.html,rose/violet,fibre naturelle végétale,15.95,fille,maillots de bain
porte-clés pendentif penn ©,https://www.zara.com/fr/fr/porte-cles-pendentif-penn---p03366651.html,vert,autre,12.95,fille,accessoires
lot de cinq chaussettes hautes à rayures,https://www.zara.com/fr/fr/lot-de-cinq-chaussettes-hautes-a-rayures-p06068564.html,motif/multicolore,fibre naturelle végétale,8.95,fille,autres
t-shirt epais rayures,https://www.zara.com/fr/fr/t-shirt-epais-rayures-p00962612.html,motif/multicolore,fibre naturelle végétale,10.95,fille,hauts et t-shirts
sac bowling penn ©,https://www.zara.com/fr/fr/sac-bowling-penn---p11477730.html,blanc/beige,fibre synthétique,45.95,fille,sacs
tennis ou basket à semelle épaisse,https://www.zara.com/fr/fr/tennis-ou-basket-a-semelle-epaisse-p14402730.html,blanc/beige,fibre synthétique,25.95,fille,chaussures
ensemble t-shirt à lacets et pantalon jogger,https://www.zara.com/fr/fr/ensemble-t-shirt-a-lacets-et-pantalon-jogger-p00613602.html,bleu,fibre naturelle végétale,19.95,fille,costumes et tenues particulières
basket ouverte,https://www.zara.com/fr/fr/basket-ouverte-p12326730.html,noir/gris,fibre synthétique,35.95,fille,chaussures
sandales en cuir,https://www.zara.com/fr/fr/sandales-en-cuir-p12649730.html,noir/gris,cuir,39.95,fille,chaussures
lot de trois chaussettes hautes à rayures sportives,https://www.zara.com/fr/fr/lot-de-trois-chaussettes-hautes-a-rayures-sportives-p04547612.html,blanc/beige,fibre naturelle végétale,6.95,fille,autres
t-shirt stickers hello kitty © sanrio,https://www.zara.com/fr/fr/t-shirt-stickers-hello-kitty---sanrio-p08675619.html,blanc/beige,fibre naturelle végétale,10.95,fille,hauts et t-shirts
grande balle de tennis avec boîte penn ©,https://www.zara.com/fr/fr/grande-balle-de-tennis-avec-boite-penn---p03366690.html,jaune/orange,fibre synthétique,15.95,fille,autres
lunettes de soleil en plastique fines,https://www.zara.com/fr/fr/lunettes-de-soleil-en-plastique-fin-p00475548.html,bleu,autre,10.95,fille,accessoires
gilet matelassé,https://www.zara.com/fr/fr/gilet-matelasse-p05854604.html,bleu,fibre synthétique,29.95,fille,hauts et t-shirts
lot de trois pinces à rayures,https://www.zara.com/fr/fr/lot-de-trois-pinces-a-rayures-p02326548.html,bleu,autre,6.95,fille,autres
short 100 % lin,https://www.zara.com/fr/fr/short-100-lin-p01613028.html,vert,fibre naturelle végétale,22.95,fille,shorts
pantalon imprimé fleurs avec lin,https://www.zara.com/fr/fr/pantalon-imprime-fleurs-avec-lin-p01614066.html,autre,fibre artificielle,22.95,fille,pantalons et leggings
tennis à lacets,https://www.zara.com/fr/fr/tennis-a-lacets-p14426730.html,blanc/beige,fibre synthétique,22.95,fille,chaussures
t-shirt jogging en molleton,https://www.zara.com/fr/fr/t-shirt-jogging-en-molleton-p00039641.html,motif/multicolore,fibre naturelle végétale,12.95,fille,hauts et t-shirts
lot de deux colliers papillons,https://www.zara.com/fr/fr/lot-de-deux-colliers-papillons-p04319553.html,jaune/orange,autre,6.95,fille,autres
bermuda penn ©,https://www.zara.com/fr/fr/bermuda-penn---p05871691.html,autre,fibre naturelle végétale,17.95,fille,shorts
jupe-short à volants et rayures,https://www.zara.com/fr/fr/jupe-short-a-volants-et-rayures-p01165611.html,blanc/beige,fibre synthétique,17.95,fille,jupe-short
chemise texturée à rayures penn ©,https://www.zara.com/fr/fr/chemise-texturee-a-rayures-penn---p03366605.html,bleu,fibre naturelle végétale,25.95,fille,hauts et t-shirts
sac bandoulière fantaisie,https://www.zara.com/fr/fr/sac-bandouliere-a-fantaisies-p11222730.html,motif/multicolore,fibre naturelle végétale,25.95,fille,sacs
blouson kangourou penn ©,https://www.zara.com/fr/fr/blouson-kangourou-penn---p05854608.html,vert,fibre synthétique,29.95,fille,manteaux et vestes
casquette brodée penn ©,https://www.zara.com/fr/fr/casquette-broderie-penn---p03366653.html,vert,fibre naturelle végétale,12.95,fille,accessoires
bonnet bob penn ©,https://www.zara.com/fr/fr/chapeau-bob-penn---p03366654.html,blanc/beige,fibre naturelle végétale,12.95,fille,accessoires
lot de quatre chouchous à rayures,https://www.zara.com/fr/fr/lot-de-quatre-chouchous-a-rayures-p02326555.html,motif/multicolore,fibre synthétique,4.95,fille,autres
bonnet bob texte brodé,https://www.zara.com/fr/fr/chapeau-bob-a-texte-brode-p00653591.html,bleu,fibre naturelle végétale,10.95,fille,accessoires
robe drapée en lin,https://www.zara.com/fr/fr/robe-drapee-avec-lin-p01594066.html,rose/violet,fibre artificielle,27.95,fille,robes
short en jean déchiré,https://www.zara.com/fr/fr/short-en-jean-dechire-p04551635.html,rouge,fibre naturelle végétale,17.95,fille,shorts
chemise à rayures penn ©,https://www.zara.com/fr/fr/chemise-a-rayures-penn---p02675621.html,motif/multicolore,fibre naturelle végétale,29.95,fille,hauts et t-shirts
ballerines sport,https://www.zara.com/fr/fr/ballerines-sport-p12430730.html,bleu,fibre synthétique,29.95,fille,chaussures
6-14 ans/ maillot de bain texture fleurs 3d,https://www.zara.com/fr/fr/6-14-ans--maillot-de-bain-texture-fleurs-3d-p06668628.html,bleu,fibre synthétique,17.95,fille,autres
haut détail en maille crochet,https://www.zara.com/fr/fr/haut-detail-maille-crochet-p05580605.html,blanc/beige,fibre naturelle végétale,9.95,fille,hauts et t-shirts
legging court côtelé,https://www.zara.com/fr/fr/legging-court-cotele-p09006650.html,jaune/orange,fibre naturelle végétale,4.95,fille,pantalons et leggings
basket compensée,https://www.zara.com/fr/fr/basket-compensee-p12401730.html,blanc/beige,fibre synthétique,22.95,fille,chaussures
top boule en lin,https://www.zara.com/fr/fr/top-boule-en-lin-p01578066.html,autre,fibre artificielle,22.95,fille,hauts et t-shirts
lot trois hauts à rayures,https://www.zara.com/fr/fr/lot-trois-hauts-a-rayures-p09000612.html,autre,fibre naturelle végétale,14.95,fille,autres
lot de trois pinces fleurs hibiscus,https://www.zara.com/fr/fr/lot-de-trois-pinces-fleurs-d-hibiscus-p04701552.html,vert,autre,6.95,fille,autres
pantalon en molleton heavy jersey à jambes larges,https://www.zara.com/fr/fr/pantalon-en-molleton-heavy-jersey-a-jambes-larges-p04424608.html,jaune/orange,fibre naturelle végétale,12.95,fille,pantalons et leggings
poncho serviette à pois,https://www.zara.com/fr/fr/poncho-de-bain-a-pois-p07096549.html,rose/violet,fibre naturelle végétale,19.95,fille,manteaux et vestes
bermuda en jean à rayures,https://www.zara.com/fr/fr/short-en-jean-a-rayures-p06045615.html,rouge,fibre naturelle végétale,19.95,fille,shorts
t-shirt teint en pièce imprimé,https://www.zara.com/fr/fr/t-shirt-teint-en-piece-imprime-p07950611.html,noir/gris,fibre naturelle végétale,9.95,fille,hauts et t-shirts
t-shirt imprimé penn ©,https://www.zara.com/fr/fr/t-shirt-imprime-penn---p09006657.html,blanc/beige,fibre naturelle végétale,12.95,fille,hauts et t-shirts
chapeau bob coutures,https://www.zara.com/fr/fr/bonnet-bucket-coutures-p00653613.html,motif/multicolore,fibre naturelle végétale,9.95,fille,accessoires
casquette effet délavé brodée,https://www.zara.com/fr/fr/casquette-effet-delave-brodee-p01879563.html,bleu,fibre naturelle végétale,7.95,fille,accessoires
polo brodé penn ©,https://www.zara.com/fr/fr/polo-brode-penn---p05871660.html,autre,fibre naturelle végétale,14.95,fille,hauts et t-shirts
ciré effet gomme à capuche déperlant,https://www.zara.com/fr/fr/cire-effet-gomme-capuche-deperlant-p05475602.html,autre,fibre synthétique,35.95,fille,manteaux et vestes
6-14 ans/bikini texture nœud,https://www.zara.com/fr/fr/6-14-ans-bikini-texture-n-ud-p03391643.html,rose/violet,fibre synthétique,17.95,fille,autres
sac bandoulière technique,https://www.zara.com/fr/fr/sac-bandouliere-technique-p11137730.html,motif/multicolore,fibre synthétique,19.95,fille,sacs
bermuda waffle à inscription,https://www.zara.com/fr/fr/bermuda-waffle-a-inscription-p00208608.html,jaune/orange,fibre naturelle végétale,8.95,fille,shorts
t-shirt rayé à manches raglan,https://www.zara.com/fr/fr/t-shirt-a-rayures-et-manches-raglan-p09006676.html,jaune/orange,fibre naturelle végétale,9.95,fille,hauts et t-shirts
veste en jean,https://www.zara.com/fr/fr/veste-en-jean-p04551608.html,bleu,fibre naturelle végétale,25.95,fille,manteaux et vestes
sandales techniques,https://www.zara.com/fr/fr/sandales-techniques-p12638730.html,noir/gris,fibre synthétique,29.95,fille,chaussures
t-shirt imprimé penn ©,https://www.zara.com/fr/fr/t-shirt-imprime-penn---p05871707.html,vert,fibre naturelle végétale,12.95,fille,hauts et t-shirts
haut côtelé nageur,https://www.zara.com/fr/fr/haut-cotele-nageur-p04424616.html,bleu,fibre naturelle végétale,5.95,fille,hauts et t-shirts
bermuda 100% lin,https://www.zara.com/fr/fr/bermuda-100-lin-p01588028.html,rose/violet,fibre naturelle végétale,22.95,fille,shorts
sac à dos technique,https://www.zara.com/fr/fr/sac-a-dos-technique-p11134730.html,motif/multicolore,fibre synthétique,35.95,fille,sacs
gilet en nylon penn ©,https://www.zara.com/fr/fr/gilet-en-nylon-penn---p01165937.html,bleu,fibre synthétique,29.95,fille,hauts et t-shirts
gilet en maille penn ©,https://www.zara.com/fr/fr/gilet-en-maille-penn---p05755644.html,autre,fibre naturelle végétale,29.95,fille,hauts et t-shirts
pantalon à plis penn ©,https://www.zara.com/fr/fr/pantalon-a-plis-penn---p01465529.html,autre,fibre naturelle végétale,45.95,fille,pantalons et leggings
sweat zippé basique,https://www.zara.com/fr/fr/sweat-zippe-basique-p00935605.html,autre,fibre naturelle végétale,17.95,fille,sweats et sweats à capuche
sweat à inscription penn ©,https://www.zara.com/fr/fr/sweat-a-inscription-penn---p09000001.html,vert,fibre naturelle végétale,25.95,fille,sweats et sweats à capuche
gilet en maille penn ©,https://www.zara.com/fr/fr/gilet-en-maille-penn---p03284650.html,motif/multicolore,fibre naturelle végétale,22.95,fille,hauts et t-shirts
tennis ou basket avec détail cœur,https://www.zara.com/fr/fr/tennis-ou-basket-avec-detail-c-ur-p12400730.html,blanc/beige,fibre synthétique,25.95,fille,chaussures
lot de cinq socquettes,https://www.zara.com/fr/fr/lot-de-cinq-socquettes-p04547611.html,motif/multicolore,fibre naturelle végétale,7.95,fille,autres
lunettes de soleil carrées en plastique,https://www.zara.com/fr/fr/lunettes-de-soleil-carrees-en-plastique-p00475695.html,bleu,autre,10.95,fille,accessoires
casquette en résille broderie florale,https://www.zara.com/fr/fr/casquette-resille-broderie-florale-p03920379.html,jaune/orange,fibre naturelle végétale,8.95,fille,accessoires
tennis penn ©,https://www.zara.com/fr/fr/tennis-penn---p14492730.html,blanc/beige,fibre synthétique,39.95,fille,chaussures
tennis à rabat et pièces,https://www.zara.com/fr/fr/tennis-a-rabat-et-pieces-p12432730.html,blanc/beige,fibre synthétique,29.95,fille,chaussures
t-shirt à inscription imprimée,https://www.zara.com/fr/fr/t-shirt-a-inscription-imprimee-p06224361.html,jaune/orange,fibre naturelle végétale,8.95,fille,hauts et t-shirts
bermuda de jogging en molleton,https://www.zara.com/fr/fr/bermuda-de-jogging-en-molleton-p00039640.html,motif/multicolore,fibre naturelle végétale,8.95,fille,shorts
lot bandeau et bracelet penn ©,https://www.zara.com/fr/fr/lot-bandeau-et-bracelet-penn---p03366652.html,bleu,fibre naturelle végétale,8.95,fille,autres
ensemble côtelé délavé t-shirt nageur et bermuda,https://www.zara.com/fr/fr/ensemble-cotele-delave-t-shirt-nageur-et-bermuda-p00613603.html,rouge,fibre naturelle végétale,17.95,fille,costumes et tenues particulières
short à inscription et contraste,https://www.zara.com/fr/fr/short-a-inscription-et-contraste-p02614627.html,blanc/beige,fibre naturelle végétale,8.95,fille,shorts
short en popeline à pinces penn ©,https://www.zara.com/fr/fr/bermuda-popeline-a-pinces-penn---p06917851.html,blanc/beige,fibre naturelle végétale,22.95,fille,shorts
bermuda en jean longue penn ©,https://www.zara.com/fr/fr/bermuda-en-jean-longue-penn---p06045616.html,bleu,fibre naturelle végétale,22.95,fille,shorts
casquette résille minecraft © mojang ab. ™,https://www.zara.com/fr/fr/casquette-en-resille-minecraft---mojang-ab----p00547547.html,vert,fibre naturelle végétale,9.95,garçon,accessoires
6-14 ans / short de bain uni,https://www.zara.com/fr/fr/6-14-ans--short-de-bain-uni-p05644466.html,vert,fibre synthétique,16.95,garçon,autres
t-shirt sport à inscription,https://www.zara.com/fr/fr/t-shirt-sport-a-inscription-p08054697.html,autre,fibre synthétique,12.95,garçon,hauts et t-shirts
pantalon en molleton wide leg penn ©,https://www.zara.com/fr/fr/pantalon-wide-leg-en-molleton-penn---p09000002.html,motif/multicolore,fibre naturelle végétale,22.95,garçon,pantalons et leggings
short à rayures penn ©,https://www.zara.com/fr/fr/short-a-rayures-penn---p06345850.html,bleu,fibre naturelle végétale,19.95,garçon,shorts
sweat imprimé,https://www.zara.com/fr/fr/sweat-imprime-p05372630.html,autre,fibre naturelle végétale,19.95,garçon,sweats et sweats à capuche
ensemble t-shirt et bermuda uni teint sur pièce,https://www.zara.com/fr/fr/ensemble-t-shirt-et-bermuda-uni-teint-en-piece-p05048707.html,rouge,fibre naturelle végétale,22.95,garçon,costumes et tenues particulières
jean relaxed ballon,https://www.zara.com/fr/fr/jean-relaxed-ballon-p06186601.html,bleu,fibre naturelle végétale,22.95,garçon,jeans
jupe à plis plats penn ©,https://www.zara.com/fr/fr/jupe-a-plis-plats-penn---p05987619.html,bleu,fibre artificielle,22.95,garçon,jupes
top polo à rayures penn ©,https://www.zara.com/fr/fr/top-polo-a-rayures-penn---p05987618.html,bleu,fibre artificielle,22.95,garçon,hauts et t-shirts
t-shirt imprimé chupa chups ®,https://www.zara.com/fr/fr/t-shirt-imprime-chupa-chups---p05431936.html,autre,fibre naturelle végétale,12.95,garçon,hauts et t-shirts
polo brodé penn ©,https://www.zara.com/fr/fr/polo-brode-penn---p05871704.html,vert,fibre naturelle végétale,14.95,garçon,hauts et t-shirts
baskets techniques multipièces,https://www.zara.com/fr/fr/baskets-techniques-multipieces-p14396730.html,marron,fibre synthétique,39.95,garçon,chaussures
ensemble t-shirt et bermuda à inscription,https://www.zara.com/fr/fr/ensemble-t-shirt-et-bermuda-a-inscription-p06325698.html,rose/violet,fibre naturelle végétale,17.95,garçon,costumes et tenues particulières
short effet éponge color block brodé,https://www.zara.com/fr/fr/short-effet-serviette-color-block-broderies-p04805779.html,jaune/orange,fibre naturelle végétale,16.95,garçon,shorts
t-shirt one piece netflix ©,https://www.zara.com/fr/fr/t-shirt-one-piece-netflix---p01165948.html,bleu,fibre naturelle végétale,12.95,garçon,hauts et t-shirts
salopette courte à rayures penn ©,https://www.zara.com/fr/fr/salopette-courte-a-rayures-penn---p04551647.html,motif/multicolore,fibre naturelle végétale,29.95,garçon,combinaisons et combishorts
bermuda rustique à rayures,https://www.zara.com/fr/fr/bermuda-rustique-a-imprime-rayures-p01971880.html,autre,fibre naturelle végétale,19.95,garçon,shorts
6-14 ans/ short de bain seersucker à rayures,https://www.zara.com/fr/fr/6-14-ans--short-de-bain-seersucker-a-rayures-p01473676.html,bleu,fibre synthétique,16.95,garçon,autres
sweat penn ©,https://www.zara.com/fr/fr/sweat-penn---p05871674.html,noir/gris,fibre naturelle végétale,25.95,garçon,sweats et sweats à capuche
blouson léger déperlant penn ©,https://www.zara.com/fr/fr/blouson-leger-deperlant-penn---p05644954.html,bleu,fibre synthétique,45.95,garçon,manteaux et vestes
lunettes de soleil métalliques aviateur,https://www.zara.com/fr/fr/lunettes-de-soleil-metalliques-style-aviateur-p00009698.html,noir/gris,autre,10.95,garçon,accessoires
short effet serviette penn ©,https://www.zara.com/fr/fr/bermuda-effet-serviette-penn---p09000004.html,vert,fibre naturelle végétale,17.95,garçon,shorts
jean droit,https://www.zara.com/fr/fr/jean-droit-p04302600.html,blanc/beige,fibre naturelle végétale,19.95,garçon,jeans
top polo torsadé penn ©,https://www.zara.com/fr/fr/top-polo-a-motifs-torsades-penn---p02756622.html,rose/violet,fibre naturelle végétale,22.95,garçon,hauts et t-shirts
casquette à pièce et résille,https://www.zara.com/fr/fr/casquette-a-piece-et-resille-p03920370.html,bleu,fibre naturelle végétale,8.95,garçon,accessoires
lot de cinq chaussettes hautes à rayures,https://www.zara.com/fr/fr/lot-de-cinq-chaussettes-hautes-a-rayures-p06068564.html,motif/multicolore,fibre naturelle végétale,8.95,garçon,autres
porte-clés pendentif penn ©,https://www.zara.com/fr/fr/porte-cles-pendentif-penn---p03366651.html,vert,autre,12.95,garçon,accessoires
short baggy étiquette,https://www.zara.com/fr/fr/short-baggy-etiquette-p07147610.html,autre,fibre naturelle végétale,19.95,garçon,shorts
6-14 ans/ short de bain broderies marines,https://www.zara.com/fr/fr/6-14-ans--short-de-bain-broderies-marines-p01473691.html,bleu,fibre synthétique,16.95,garçon,autres
sac bowling penn ©,https://www.zara.com/fr/fr/sac-bowling-penn---p11477730.html,blanc/beige,fibre synthétique,45.95,garçon,sacs
t-shirt one piece netflix ©,https://www.zara.com/fr/fr/t-shirt-one-piece-netflix---p01165930.html,blanc/beige,fibre naturelle végétale,12.95,garçon,hauts et t-shirts
collier fantaisie et coquillage,https://www.zara.com/fr/fr/collier-fantaisie-et-coquillage-p07243591.html,marron,autre,6.95,garçon,accessoires
portefeuille technique,https://www.zara.com/fr/fr/portefeuille-technique-p11482730.html,motif/multicolore,fibre synthétique,15.95,garçon,accessoires
surchemise à losanges en crochet,https://www.zara.com/fr/fr/surchemise-a-losanges-en-crochet-p05536671.html,bleu,fibre naturelle végétale,29.95,garçon,manteaux et vestes
ensemble t-shirt et bermuda interlock,https://www.zara.com/fr/fr/ensemble-t-shirt-et-bermuda-interlock-p03854738.html,bleu,fibre naturelle végétale,22.95,garçon,costumes et tenues particulières
sweat manches courtes inscription relief,https://www.zara.com/fr/fr/sweat-a-manches-courtes-inscription-en-relief-p01880667.html,bleu,fibre naturelle végétale,9.95,garçon,sweats et sweats à capuche
jean baggy structuré,https://www.zara.com/fr/fr/jean-baggy-structure-p06917770.html,autre,fibre naturelle végétale,22.95,garçon,jeans
t-shirt imprimé hamacs,https://www.zara.com/fr/fr/t-shirt-imprime-hamacs-p05372762.html,blanc/beige,fibre naturelle végétale,8.95,garçon,hauts et t-shirts
t-shirt uni sans manches,https://www.zara.com/fr/fr/t-shirt-uni-sans-manches-p01716675.html,blanc/beige,fibre naturelle végétale,5.95,garçon,hauts et t-shirts
déguisement kpop demon hunters™ netflix ©,https://www.zara.com/fr/fr/deguisement-kpop-demon-hunters--netflix---p00653594.html,noir/gris,fibre synthétique,39.95,garçon,costumes et tenues particulières
casquette logo brodé,https://www.zara.com/fr/fr/casquette-logo-brode-p01879567.html,vert,fibre naturelle végétale,8.95,garçon,accessoires
lot de trois chaussettes hautes à rayures sportives,https://www.zara.com/fr/fr/lot-de-trois-chaussettes-hautes-a-rayures-sportives-p04547612.html,blanc/beige,fibre naturelle végétale,6.95,garçon,autres
6-14 ans/ short de bain double bas contrasté,https://www.zara.com/fr/fr/6-14-ans--short-de-bain-double-bas-contraste-p05644291.html,bleu,fibre synthétique,16.95,garçon,autres
gants déguisement kpop demon hunters™ netflix ©,https://www.zara.com/fr/fr/gants-deguisement-kpop-demon-hunters--netflix---p00653586.html,rose/violet,fibre synthétique,9.95,garçon,accessoires
grande balle de tennis avec boîte penn ©,https://www.zara.com/fr/fr/grande-balle-de-tennis-avec-boite-penn---p03366690.html,jaune/orange,fibre synthétique,15.95,garçon,autres
lunettes de soleil en plastique fines,https://www.zara.com/fr/fr/lunettes-de-soleil-en-plastique-fin-p00475548.html,bleu,autre,10.95,garçon,accessoires
t-shirt teint en pièce,https://www.zara.com/fr/fr/t-shirt-teint-en-piece-p03443660.html,motif/multicolore,fibre naturelle végétale,8.95,garçon,hauts et t-shirts
blouson léger déperlant,https://www.zara.com/fr/fr/blouson-leger-deperlant-p05992767.html,vert,fibre synthétique,29.95,garçon,manteaux et vestes
gilet sport bimatière,https://www.zara.com/fr/fr/gilet-sporty-bimatiere-p01733676.html,noir/gris,fibre naturelle végétale,19.95,garçon,hauts et t-shirts
cape déguisement kpop demon hunters™ netflix ©,https://www.zara.com/fr/fr/cape-deguisement-kpop-demon-hunters--netflix---p00653748.html,noir/gris,fibre synthétique,35.95,garçon,manteaux et vestes
tennis à lacets,https://www.zara.com/fr/fr/tennis-a-lacets-p14426730.html,blanc/beige,fibre synthétique,22.95,garçon,chaussures
t-shirt yoshi super mario bros ™ © nintendo,https://www.zara.com/fr/fr/t-shirt-yoshi-super-mario-bros-----nintendo-p01821671.html,bleu,fibre naturelle végétale,12.95,garçon,hauts et t-shirts
sandales techniques,https://www.zara.com/fr/fr/sandales-techniques-p14670730.html,jaune/orange,fibre synthétique,19.95,garçon,chaussures
jean baggy,https://www.zara.com/fr/fr/jean-baggy-p04110614.html,bleu,fibre naturelle végétale,22.95,garçon,jeans
bermuda penn ©,https://www.zara.com/fr/fr/bermuda-penn---p05871691.html,autre,fibre naturelle végétale,17.95,garçon,shorts
lot de deux shorts unis,https://www.zara.com/fr/fr/lot-de-deux-shorts-unis-p00088704.html,autre,fibre naturelle végétale,17.95,garçon,autres
lot de trois socquettes à damier,https://www.zara.com/fr/fr/lot-de-trois-socquettes-a-damier-p02496562.html,motif/multicolore,fibre naturelle végétale,5.95,garçon,autres
bermuda en molleton étiquette,https://www.zara.com/fr/fr/short-en-molleton-a-etiquette-p00088666.html,bleu,fibre naturelle végétale,12.95,garçon,shorts
bermuda en jean fluide,https://www.zara.com/fr/fr/bermuda-en-jean-fluide-p01879603.html,bleu,fibre naturelle végétale,17.95,garçon,shorts
tennis de sport barefoot,https://www.zara.com/fr/fr/tennis-de-sport-barefoot-p14326630.html,blanc/beige,fibre synthétique,29.95,garçon,chaussures
chemise texturée à rayures penn ©,https://www.zara.com/fr/fr/chemise-texturee-a-rayures-penn---p03366605.html,bleu,fibre naturelle végétale,25.95,garçon,hauts et t-shirts
baskets sport,https://www.zara.com/fr/fr/baskets-sport-p14302830.html,blanc/beige,fibre synthétique,35.95,garçon,chaussures
blouson kangourou penn ©,https://www.zara.com/fr/fr/blouson-kangourou-penn---p05854608.html,vert,fibre synthétique,29.95,garçon,manteaux et vestes
casquette brodée penn ©,https://www.zara.com/fr/fr/casquette-broderie-penn---p03366653.html,vert,fibre naturelle végétale,12.95,garçon,accessoires
sac banane technique,https://www.zara.com/fr/fr/sac-banane-technique-p11481730.html,motif/multicolore,fibre synthétique,17.95,garçon,sacs
chemise à rayures penn ©,https://www.zara.com/fr/fr/chemise-a-rayures-penn---p02675621.html,motif/multicolore,fibre naturelle végétale,29.95,garçon,hauts et t-shirts
bermuda sport à inscription,https://www.zara.com/fr/fr/bermuda-a-inscription-sport-p08054676.html,motif/multicolore,fibre synthétique,16.95,garçon,shorts
t-shirt lourd à inscription brodée,https://www.zara.com/fr/fr/t-shirt-heavy-weight-a-inscription-p00722770.html,autre,fibre naturelle végétale,8.95,garçon,hauts et t-shirts
lot de deux chaussettes hautes numérotées,https://www.zara.com/fr/fr/lot-de-deux-chaussettes-hautes-a-numero-p04547614.html,motif/multicolore,fibre naturelle végétale,5.95,garçon,autres
6-14 ans/ short de bain étiquette,https://www.zara.com/fr/fr/6-14-ans--short-de-bain-etiquette-p05644787.html,bleu,fibre synthétique,16.95,garçon,autres
bermuda à inscription sport,https://www.zara.com/fr/fr/bermuda-a-inscription-sport-p08054679.html,autre,fibre synthétique,16.95,garçon,shorts
polo en maille crochet,https://www.zara.com/fr/fr/polo-en-maille-crochet-p03991650.html,bleu,fibre synthétique,25.95,garçon,hauts et t-shirts
t-shirt imprimé penn ©,https://www.zara.com/fr/fr/t-shirt-imprime-penn---p09006657.html,blanc/beige,fibre naturelle végétale,12.95,garçon,hauts et t-shirts
chapeau bob coutures,https://www.zara.com/fr/fr/bonnet-bucket-coutures-p00653613.html,motif/multicolore,fibre naturelle végétale,9.95,garçon,accessoires
t-shirt rayé et inscription,https://www.zara.com/fr/fr/t-shirt-a-rayures-et-inscription-p06208981.html,bleu,fibre naturelle végétale,16.95,garçon,hauts et t-shirts
claquettes de bain,https://www.zara.com/fr/fr/claquettes-de-bain-p14706730.html,blanc/beige,fibre synthétique,15.95,garçon,chaussures
casquette effet délavé brodée,https://www.zara.com/fr/fr/casquette-effet-delave-brodee-p01879563.html,bleu,fibre naturelle végétale,7.95,garçon,accessoires
polo brodé penn ©,https://www.zara.com/fr/fr/polo-brode-penn---p05871660.html,autre,fibre naturelle végétale,14.95,garçon,hauts et t-shirts
short rustique,https://www.zara.com/fr/fr/short-rustique-p03183845.html,motif/multicolore,fibre synthétique,10.99,garçon,shorts
sandales à brides croisées,https://www.zara.com/fr/fr/sandales-a-brides-croisees-p14662730.html,noir/gris,fibre synthétique,29.95,garçon,chaussures
short élastiques en coton,https://www.zara.com/fr/fr/short-elastiques-en-coton-p09959880.html,vert,fibre naturelle végétale,17.95,garçon,shorts
t-shirt sportif tie & dye,https://www.zara.com/fr/fr/t-shirt-sportif-tie---dye-p00962681.html,motif/multicolore,fibre naturelle végétale,9.95,garçon,hauts et t-shirts
t-shirt imprimé penn ©,https://www.zara.com/fr/fr/t-shirt-imprime-penn---p05871707.html,vert,fibre naturelle végétale,12.95,garçon,hauts et t-shirts
chemise bowling imprimé à rayures,https://www.zara.com/fr/fr/chemise-bowling-imprime-rayures-p00971871.html,autre,fibre naturelle végétale,22.95,garçon,hauts et t-shirts
t-shirt uni,https://www.zara.com/fr/fr/t-shirt-uni-p01887772.html,bleu,fibre naturelle végétale,5.95,garçon,hauts et t-shirts
baskets techniques,https://www.zara.com/fr/fr/baskets-techniques-p14394730.html,marron,fibre synthétique,35.95,garçon,chaussures
lot de quatre socquettes unies,https://www.zara.com/fr/fr/lot-de-quatre-socquettes-unies-p04934599.html,blanc/beige,fibre naturelle végétale,5.95,garçon,autres
6-14 ans/ short de bain stopper,https://www.zara.com/fr/fr/6-14-ans--short-de-bain-stopper-p01473694.html,bleu,fibre synthétique,16.95,garçon,autres
bermuda cargo,https://www.zara.com/fr/fr/short-cargo-p09959762.html,bleu,fibre naturelle végétale,15.95,garçon,shorts
gilet en nylon penn ©,https://www.zara.com/fr/fr/gilet-en-nylon-penn---p01165937.html,bleu,fibre synthétique,29.95,garçon,hauts et t-shirts
bermuda en molleton teint sur pièce avec logo,https://www.zara.com/fr/fr/bermuda-en-molleton-teint-sur-piece-avec-logo-p03443670.html,rose/violet,fibre naturelle végétale,15.95,garçon,shorts
gilet en maille penn ©,https://www.zara.com/fr/fr/gilet-en-maille-penn---p05755644.html,autre,fibre naturelle végétale,29.95,garçon,hauts et t-shirts
pantalon à plis penn ©,https://www.zara.com/fr/fr/pantalon-a-plis-penn---p01465529.html,autre,fibre naturelle végétale,45.95,garçon,pantalons et leggings
gilet en maille penn ©,https://www.zara.com/fr/fr/gilet-en-maille-penn---p03284650.html,motif/multicolore,fibre naturelle végétale,22.95,garçon,hauts et t-shirts
sweat à inscription penn ©,https://www.zara.com/fr/fr/sweat-a-inscription-penn---p09000001.html,vert,fibre naturelle végétale,25.95,garçon,sweats et sweats à capuche
lot de trois hauts unis,https://www.zara.com/fr/fr/lot-de-trois-hauts-unis-p01887690.html,noir/gris,fibre naturelle végétale,14.95,garçon,autres
